trade_num,entry_date,entry_premium,exit_date,exit_premium,profit_inr,costs_inr,net_profit_inr,net_profit_pct,bars_held
1,2021-06-01T04:50:00+00:00,544.06,2021-06-01T04:55:00+00:00,524.62,-583.2,34.64,-617.84,-3.785,1
2,2021-06-02T05:10:00+00:00,631.01,2021-06-02T05:15:00+00:00,610.2,-624.3,40.62,-664.92,-3.512,1
3,2021-06-03T04:50:00+00:00,624.2,2021-06-03T04:55:00+00:00,608.43,-473.1,40.42,-513.52,-2.742,1
4,2021-06-04T04:50:00+00:00,484.72,2021-06-04T04:55:00+00:00,463.48,-637.2,30.86,-668.06,-4.594,1
5,2021-06-07T04:50:00+00:00,424.84,2021-06-07T05:25:00+00:00,405.95,-566.7,27.15,-593.85,-4.659,7
6,2021-06-08T04:50:00+00:00,371.53,2021-06-08T04:55:00+00:00,366.8,-141.9,24.02,-165.92,-1.489,1
7,2021-06-09T04:50:00+00:00,370.16,2021-06-09T07:40:00+00:00,486.43,3488.1,28.75,3459.35,31.152,34
8,2021-06-10T04:55:00+00:00,449.75,2021-06-10T05:35:00+00:00,428.27,-644.4,28.24,-672.64,-4.985,8
9,2021-06-11T05:00:00+00:00,431.26,2021-06-11T05:10:00+00:00,408.42,-685.2,27.36,-712.56,-5.508,2
10,2021-06-14T05:25:00+00:00,289.33,2021-06-14T06:25:00+00:00,272.17,-514.8,17.95,-532.75,-6.138,12
11,2021-06-15T05:05:00+00:00,298.55,2021-06-15T05:30:00+00:00,287.62,-327.9,18.51,-346.41,-3.868,5
12,2021-06-16T04:55:00+00:00,301.8,2021-06-16T07:10:00+00:00,410.42,3258.6,24.42,3234.18,35.721,27
13,2021-06-17T05:10:00+00:00,290.6,2021-06-17T05:20:00+00:00,271.33,-578.1,17.96,-596.06,-6.837,2
14,2021-06-18T05:00:00+00:00,262.28,2021-06-18T05:05:00+00:00,243.44,-565.2,16.66,-581.86,-7.395,1
15,2021-06-21T05:05:00+00:00,186.72,2021-06-21T05:25:00+00:00,168.34,-551.4,11.19,-562.59,-10.043,4
16,2021-06-22T04:55:00+00:00,128.54,2021-06-22T05:00:00+00:00,117.47,-332.1,7.67,-339.77,-8.811,1
17,2021-06-23T04:50:00+00:00,89.76,2021-06-23T04:55:00+00:00,74.0,-472.8,4.78,-477.58,-17.735,1
18,2021-06-24T04:55:00+00:00,137.95,2021-06-24T05:45:00+00:00,119.87,-542.4,7.94,-550.34,-13.298,10
19,2021-06-25T05:20:00+00:00,515.85,2021-06-25T05:25:00+00:00,495.49,-610.8,32.32,-643.12,-4.156,1
20,2021-06-28T04:50:00+00:00,650.77,2021-06-28T05:00:00+00:00,629.76,-630.3,42.52,-672.82,-3.446,2
21,2021-06-29T05:10:00+00:00,449.36,2021-06-29T05:55:00+00:00,428.05,-639.3,28.23,-667.53,-4.952,9
22,2021-06-30T04:50:00+00:00,420.77,2021-06-30T05:05:00+00:00,402.52,-547.5,26.98,-574.48,-4.551,3
23,2021-07-01T04:55:00+00:00,579.56,2021-07-01T05:00:00+00:00,564.66,-447.0,38.38,-485.38,-2.792,1
24,2021-07-02T05:00:00+00:00,565.34,2021-07-02T05:05:00+00:00,542.01,-699.9,36.53,-736.43,-4.342,1
25,2021-07-05T04:50:00+00:00,531.68,2021-07-05T05:00:00+00:00,515.6,-482.4,34.15,-516.55,-3.238,2
26,2021-07-06T04:50:00+00:00,340.5,2021-07-06T05:10:00+00:00,327.87,-378.9,21.41,-400.31,-3.919,4
27,2021-07-07T04:50:00+00:00,515.81,2021-07-07T05:00:00+00:00,500.87,-448.2,32.44,-480.64,-3.106,2
28,2021-07-08T04:55:00+00:00,357.81,2021-07-08T05:45:00+00:00,349.06,-262.5,23.3,-285.8,-2.662,10
29,2021-07-09T04:50:00+00:00,478.92,2021-07-09T05:50:00+00:00,464.4,-435.6,30.75,-466.35,-3.246,12
30,2021-07-12T04:55:00+00:00,426.25,2021-07-12T05:15:00+00:00,403.19,-691.8,27.12,-718.92,-5.622,4
31,2021-07-13T04:50:00+00:00,425.88,2021-07-13T05:10:00+00:00,416.45,-282.9,27.42,-310.32,-2.429,4
32,2021-07-14T04:50:00+00:00,328.0,2021-07-14T04:55:00+00:00,317.52,-314.4,20.88,-335.28,-3.407,1
33,2021-07-15T04:55:00+00:00,393.24,2021-07-15T09:50:00+00:00,446.9,1609.8,27.37,1582.43,13.414,59
34,2021-07-16T04:55:00+00:00,264.09,2021-07-16T05:00:00+00:00,245.38,-561.3,16.75,-578.05,-7.296,1
35,2021-07-19T05:00:00+00:00,262.38,2021-07-19T07:10:00+00:00,374.18,3354.0,21.68,3332.32,42.335,26
36,2021-07-20T04:50:00+00:00,256.83,2021-07-20T05:55:00+00:00,371.98,3454.5,21.5,3433.0,44.556,13
37,2021-07-22T04:50:00+00:00,237.93,2021-07-22T05:00:00+00:00,225.68,-367.5,14.69,-382.19,-5.354,2
38,2021-07-23T05:15:00+00:00,194.34,2021-07-23T05:25:00+00:00,174.68,-589.8,11.51,-601.31,-10.314,2
39,2021-07-26T05:05:00+00:00,147.24,2021-07-26T05:15:00+00:00,128.04,-576.0,8.35,-584.35,-13.229,2
40,2021-07-27T04:50:00+00:00,161.22,2021-07-27T05:10:00+00:00,144.76,-493.8,10.05,-503.85,-10.417,4
41,2021-07-28T04:50:00+00:00,96.05,2021-07-28T05:10:00+00:00,225.13,3872.4,11.41,3860.99,133.992,4
42,2021-07-29T04:50:00+00:00,70.46,2021-07-29T05:15:00+00:00,55.09,-461.1,3.89,-464.99,-21.998,5
43,2021-07-30T04:50:00+00:00,400.43,2021-07-30T05:05:00+00:00,382.28,-544.5,25.05,-569.55,-4.741,3
44,2021-08-02T05:25:00+00:00,555.41,2021-08-02T06:15:00+00:00,535.11,-609.0,35.14,-644.14,-3.866,10
45,2021-08-03T04:50:00+00:00,394.64,2021-08-03T04:55:00+00:00,383.57,-332.1,24.94,-357.04,-3.016,1
46,2021-08-04T04:50:00+00:00,528.47,2021-08-04T05:10:00+00:00,644.82,3490.5,39.05,3451.45,21.77,4
47,2021-08-05T04:50:00+00:00,523.97,2021-08-05T04:55:00+00:00,501.85,-663.6,32.65,-696.25,-4.429,1
48,2021-08-06T05:05:00+00:00,383.94,2021-08-06T05:10:00+00:00,364.49,-583.5,24.26,-607.76,-5.277,1
49,2021-08-09T04:50:00+00:00,329.25,2021-08-09T04:55:00+00:00,308.11,-634.2,20.69,-654.89,-6.63,1
50,2021-08-10T04:55:00+00:00,323.35,2021-08-10T05:20:00+00:00,308.58,-443.1,20.57,-463.67,-4.78,5
51,2021-08-11T04:50:00+00:00,440.71,2021-08-11T04:55:00+00:00,420.68,-600.9,27.86,-628.76,-4.756,1
52,2021-08-12T04:50:00+00:00,290.5,2021-08-12T04:55:00+00:00,272.62,-536.4,17.98,-554.38,-6.361,1
53,2021-08-13T04:55:00+00:00,282.76,2021-08-13T05:10:00+00:00,269.96,-384.0,17.74,-401.74,-4.736,3
54,2021-08-17T05:05:00+00:00,349.73,2021-08-17T05:15:00+00:00,328.71,-630.6,21.64,-652.24,-6.217,2
55,2021-08-18T05:00:00+00:00,328.28,2021-08-18T05:15:00+00:00,311.91,-491.1,20.76,-511.86,-5.197,3
56,2021-08-20T04:55:00+00:00,225.44,2021-08-20T06:05:00+00:00,215.39,-301.5,14.16,-315.66,-4.667,14
57,2021-08-23T05:00:00+00:00,150.63,2021-08-23T05:20:00+00:00,255.49,3145.8,14.36,3131.44,69.297,4
58,2021-08-24T04:50:00+00:00,155.37,2021-08-24T06:20:00+00:00,282.37,3810.0,15.09,3794.91,81.417,18
59,2021-08-25T04:50:00+00:00,108.38,2021-08-25T04:55:00+00:00,88.78,-588.0,6.55,-594.55,-18.286,1
60,2021-08-26T04:55:00+00:00,103.77,2021-08-26T05:30:00+00:00,85.06,-561.3,6.35,-567.65,-18.234,7
61,2021-08-27T04:50:00+00:00,689.9,2021-08-27T05:25:00+00:00,666.73,-695.1,45.28,-740.38,-3.577,7
62,2021-08-30T04:55:00+00:00,669.75,2021-08-30T08:25:00+00:00,767.34,2927.7,48.13,2879.57,14.332,42
63,2021-08-31T04:50:00+00:00,462.49,2021-08-31T05:00:00+00:00,450.3,-365.7,29.05,-394.75,-2.845,2
64,2021-09-01T04:50:00+00:00,550.77,2021-09-01T05:35:00+00:00,631.28,2415.3,39.25,2376.05,14.38,9
65,2021-09-02T04:55:00+00:00,446.69,2021-09-02T05:00:00+00:00,437.13,-286.8,28.38,-315.18,-2.352,1
66,2021-09-03T04:50:00+00:00,469.68,2021-09-03T05:00:00+00:00,561.36,2750.4,34.77,2715.63,19.273,2
67,2021-09-06T04:55:00+00:00,478.47,2021-09-06T05:25:00+00:00,457.73,-622.2,30.59,-652.79,-4.548,6
68,2021-09-07T05:10:00+00:00,640.16,2021-09-07T06:35:00+00:00,759.88,3591.6,47.28,3544.32,18.455,17
69,2021-09-08T04:55:00+00:00,593.12,2021-09-08T07:05:00+00:00,574.75,-551.1,38.93,-590.03,-3.316,26
70,2021-09-09T04:55:00+00:00,560.02,2021-09-09T06:55:00+00:00,539.17,-625.5,36.34,-661.84,-3.939,24
71,2021-09-13T04:50:00+00:00,496.98,2021-09-13T04:55:00+00:00,475.98,-630.0,31.43,-661.43,-4.436,1
72,2021-09-14T04:50:00+00:00,485.66,2021-09-14T05:40:00+00:00,459.95,-771.3,30.8,-802.1,-5.505,10
73,2021-09-15T04:50:00+00:00,473.85,2021-09-15T04:55:00+00:00,465.29,-256.8,30.65,-287.45,-2.022,1
74,2021-09-16T04:50:00+00:00,474.34,2021-09-16T05:05:00+00:00,452.35,-659.7,29.37,-689.07,-4.842,3
75,2021-09-17T04:50:00+00:00,462.96,2021-09-17T04:55:00+00:00,443.93,-570.9,28.91,-599.81,-4.319,1
76,2021-09-20T04:50:00+00:00,453.13,2021-09-20T05:00:00+00:00,434.2,-567.9,28.46,-596.36,-4.387,2
77,2021-09-21T04:55:00+00:00,384.4,2021-09-21T05:00:00+00:00,362.84,-646.8,24.23,-671.03,-5.819,1
78,2021-09-22T04:50:00+00:00,352.19,2021-09-22T05:45:00+00:00,456.55,3130.8,27.65,3103.15,29.37,11
79,2021-09-23T04:55:00+00:00,389.95,2021-09-23T05:00:00+00:00,367.74,-666.3,24.47,-690.77,-5.905,1
80,2021-09-24T04:50:00+00:00,333.25,2021-09-24T05:30:00+00:00,312.95,-609.0,20.9,-629.9,-6.301,8
81,2021-09-27T04:50:00+00:00,210.06,2021-09-27T04:55:00+00:00,192.77,-518.7,13.29,-531.99,-8.442,1
82,2021-09-28T04:55:00+00:00,193.09,2021-09-28T06:30:00+00:00,302.83,3292.2,17.43,3274.77,56.533,19
83,2021-09-29T04:50:00+00:00,148.66,2021-09-29T04:55:00+00:00,129.98,-560.4,8.42,-568.82,-12.754,1
84,2021-09-30T04:55:00+00:00,169.04,2021-09-30T06:00:00+00:00,146.62,-672.6,10.28,-682.88,-13.466,13
85,2021-10-01T04:50:00+00:00,814.69,2021-10-01T05:05:00+00:00,794.75,-598.2,53.11,-651.31,-2.665,3
86,2021-10-04T04:55:00+00:00,739.37,2021-10-04T06:00:00+00:00,711.4,-839.1,47.45,-886.55,-3.997,13
87,2021-10-05T04:50:00+00:00,719.19,2021-10-05T04:55:00+00:00,696.06,-693.9,46.63,-740.53,-3.432,1
88,2021-10-06T04:50:00+00:00,553.96,2021-10-06T04:55:00+00:00,532.0,-658.8,35.04,-693.84,-4.175,1
89,2021-10-07T04:50:00+00:00,550.05,2021-10-07T06:20:00+00:00,526.29,-712.8,34.82,-747.62,-4.531,18
90,2021-10-08T04:50:00+00:00,521.8,2021-10-08T04:55:00+00:00,499.78,-660.6,32.55,-693.15,-4.428,1
91,2021-10-11T05:10:00+00:00,610.21,2021-10-11T05:20:00+00:00,584.81,-762.0,39.55,-801.55,-4.379,2
92,2021-10-12T04:55:00+00:00,470.09,2021-10-12T05:30:00+00:00,447.1,-689.7,29.15,-718.85,-5.097,7
93,2021-10-13T05:00:00+00:00,558.89,2021-10-13T05:05:00+00:00,536.93,-658.8,36.27,-695.07,-4.146,1
94,2021-10-14T04:50:00+00:00,424.45,2021-10-14T06:15:00+00:00,402.64,-654.3,27.07,-681.37,-5.351,17
95,2021-10-18T04:55:00+00:00,508.68,2021-10-18T05:00:00+00:00,486.67,-660.3,31.95,-692.25,-4.536,1
96,2021-10-19T04:50:00+00:00,440.16,2021-10-19T04:55:00+00:00,419.45,-621.3,27.82,-649.12,-4.916,1
97,2021-10-20T04:50:00+00:00,380.14,2021-10-20T04:55:00+00:00,357.2,-688.2,24.0,-712.2,-6.245,1
98,2021-10-21T05:15:00+00:00,356.97,2021-10-21T05:45:00+00:00,460.24,3098.1,27.84,3070.26,28.67,6
99,2021-10-22T04:50:00+00:00,317.95,2021-10-22T04:55:00+00:00,298.35,-588.0,20.21,-608.21,-6.376,1
100,2021-10-25T04:50:00+00:00,304.62,2021-10-25T05:00:00+00:00,422.66,3541.2,24.77,3516.43,38.479,2
101,2021-10-26T04:50:00+00:00,215.44,2021-10-26T05:10:00+00:00,331.06,3468.6,18.6,3450.0,53.379,4
102,2021-10-27T05:05:00+00:00,166.68,2021-10-27T05:10:00+00:00,144.89,-653.7,10.18,-663.88,-13.277,1
103,2021-10-28T04:50:00+00:00,133.88,2021-10-28T04:55:00+00:00,115.21,-560.1,7.74,-567.84,-14.138,1
104,2021-10-29T05:15:00+00:00,834.92,2021-10-29T05:25:00+00:00,811.16,-712.8,53.95,-766.75,-3.061,2
105,2021-11-01T04:50:00+00:00,632.88,2021-11-01T04:55:00+00:00,614.38,-555.0,41.76,-596.76,-3.143,1
106,2021-11-02T04:50:00+00:00,776.92,2021-11-02T05:00:00+00:00,752.21,-741.3,50.26,-791.56,-3.396,2
107,2021-11-03T06:05:00+00:00,557.02,2021-11-03T06:10:00+00:00,536.99,-600.9,36.22,-637.12,-3.813,1
108,2021-11-08T05:15:00+00:00,618.99,2021-11-08T05:25:00+00:00,596.24,-682.5,40.02,-722.52,-3.891,2
109,2021-11-09T04:50:00+00:00,619.57,2021-11-09T04:55:00+00:00,603.81,-472.8,40.21,-513.01,-2.76,1
110,2021-11-10T05:10:00+00:00,460.1,2021-11-10T06:50:00+00:00,442.63,-524.1,28.81,-552.91,-4.006,20
111,2021-11-11T05:00:00+00:00,482.65,2021-11-11T05:15:00+00:00,463.61,-571.2,30.82,-602.02,-4.158,3
112,2021-11-12T04:55:00+00:00,388.41,2021-11-12T05:00:00+00:00,378.59,-294.6,24.68,-319.28,-2.74,1
113,2021-11-15T04:50:00+00:00,334.64,2021-11-15T05:05:00+00:00,316.06,-557.4,21.0,-578.4,-5.761,3
114,2021-11-16T04:50:00+00:00,331.76,2021-11-16T07:45:00+00:00,317.68,-422.4,20.97,-443.37,-4.455,35
115,2021-11-17T04:50:00+00:00,300.71,2021-11-17T04:55:00+00:00,282.75,-538.8,18.45,-557.25,-6.177,1
116,2021-11-18T04:50:00+00:00,311.65,2021-11-18T05:25:00+00:00,287.13,-735.6,18.81,-754.41,-8.069,7
117,2021-11-22T04:50:00+00:00,227.15,2021-11-22T05:05:00+00:00,344.94,3533.7,19.19,3514.51,51.574,3
118,2021-11-23T05:20:00+00:00,183.4,2021-11-23T05:55:00+00:00,160.67,-681.9,10.93,-692.83,-12.592,7
119,2021-11-24T04:50:00+00:00,113.17,2021-11-24T04:55:00+00:00,227.51,3430.2,11.85,3418.35,100.685,1
120,2021-11-25T04:50:00+00:00,108.13,2021-11-25T04:55:00+00:00,100.94,-215.7,6.82,-222.52,-6.86,1
121,2021-11-26T04:50:00+00:00,709.46,2021-11-26T05:00:00+00:00,808.34,2966.4,50.99,2915.41,13.698,2
122,2021-11-29T04:50:00+00:00,792.68,2021-11-29T05:00:00+00:00,772.91,-593.1,51.1,-644.2,-2.709,2
123,2021-11-30T04:50:00+00:00,710.45,2021-11-30T04:55:00+00:00,693.98,-494.1,46.38,-540.48,-2.536,1
124,2021-12-01T04:50:00+00:00,748.99,2021-12-01T04:55:00+00:00,730.69,-549.0,49.12,-598.12,-2.662,1
125,2021-12-02T05:00:00+00:00,882.05,2021-12-02T05:20:00+00:00,857.71,-730.2,57.11,-787.31,-2.975,4
126,2021-12-03T04:50:00+00:00,617.82,2021-12-03T04:55:00+00:00,595.36,-673.8,39.97,-713.77,-3.851,1
127,2021-12-06T04:50:00+00:00,615.85,2021-12-06T04:55:00+00:00,597.68,-545.1,39.98,-585.08,-3.167,1
128,2021-12-07T04:50:00+00:00,752.62,2021-12-07T05:45:00+00:00,852.24,2988.6,54.0,2934.6,12.997,11
129,2021-12-08T04:50:00+00:00,573.01,2021-12-08T04:55:00+00:00,552.45,-616.8,36.95,-653.75,-3.803,1
130,2021-12-09T04:50:00+00:00,544.6,2021-12-09T05:00:00+00:00,523.82,-623.4,34.63,-658.03,-4.028,2
131,2021-12-10T04:50:00+00:00,661.5,2021-12-10T06:45:00+00:00,628.14,-1000.8,42.73,-1043.53,-5.258,23
132,2021-12-13T04:50:00+00:00,443.92,2021-12-13T04:55:00+00:00,420.65,-698.1,27.93,-726.03,-5.452,1
133,2021-12-14T04:50:00+00:00,477.08,2021-12-14T04:55:00+00:00,462.3,-443.4,30.66,-474.06,-3.312,1
134,2021-12-15T05:05:00+00:00,451.64,2021-12-15T05:20:00+00:00,438.34,-399.0,28.52,-427.52,-3.155,3
135,2021-12-16T05:10:00+00:00,426.01,2021-12-16T05:15:00+00:00,405.85,-604.8,27.18,-631.98,-4.945,1
136,2021-12-17T04:50:00+00:00,391.12,2021-12-17T04:55:00+00:00,374.06,-511.8,24.64,-536.44,-4.572,1
137,2021-12-20T04:50:00+00:00,391.48,2021-12-20T05:00:00+00:00,363.19,-848.7,24.4,-873.1,-7.434,2
138,2021-12-21T04:50:00+00:00,401.75,2021-12-21T08:30:00+00:00,367.49,-1027.8,24.74,-1052.54,-8.733,44
139,2021-12-22T04:50:00+00:00,307.73,2021-12-22T05:35:00+00:00,286.91,-624.6,18.71,-643.31,-6.968,9
140,2021-12-23T04:55:00+00:00,288.4,2021-12-23T05:00:00+00:00,270.12,-548.4,17.88,-566.28,-6.545,1
141,2021-12-24T04:50:00+00:00,295.87,2021-12-24T05:05:00+00:00,275.26,-618.3,18.17,-636.47,-7.171,3
142,2021-12-27T05:30:00+00:00,183.45,2021-12-27T05:35:00+00:00,165.75,-531.0,11.05,-542.05,-9.849,1
143,2021-12-28T04:50:00+00:00,176.41,2021-12-28T05:50:00+00:00,159.69,-501.6,10.75,-512.35,-9.681,12
144,2021-12-29T04:50:00+00:00,127.08,2021-12-29T04:55:00+00:00,107.36,-591.6,7.41,-599.01,-15.712,1
145,2021-12-30T04:50:00+00:00,118.01,2021-12-30T04:55:00+00:00,103.38,-438.9,7.1,-446.0,-12.598,1
146,2021-12-31T05:00:00+00:00,540.14,2021-12-31T05:15:00+00:00,521.18,-568.8,34.47,-603.27,-3.723,3
147,2022-01-03T04:50:00+00:00,518.3,2022-01-03T04:55:00+00:00,508.19,-303.3,33.67,-336.97,-2.167,1
148,2022-01-04T04:50:00+00:00,703.16,2022-01-04T04:55:00+00:00,682.89,-608.1,45.96,-654.06,-3.101,1
149,2022-01-05T04:55:00+00:00,552.77,2022-01-05T05:50:00+00:00,534.85,-537.6,35.08,-572.68,-3.453,11
150,2022-01-06T04:50:00+00:00,738.22,2022-01-06T04:55:00+00:00,720.17,-541.5,48.62,-590.12,-2.665,1
151,2022-01-07T04:50:00+00:00,689.79,2022-01-07T05:00:00+00:00,671.74,-541.5,45.39,-586.89,-2.836,2
152,2022-01-10T04:50:00+00:00,554.84,2022-01-10T06:20:00+00:00,637.83,2489.7,39.5,2450.2,14.72,18
153,2022-01-11T04:50:00+00:00,530.3,2022-01-11T04:55:00+00:00,524.13,-185.1,34.31,-219.41,-1.379,1
154,2022-01-12T04:55:00+00:00,602.65,2022-01-12T05:05:00+00:00,589.07,-407.4,39.48,-446.88,-2.472,2
155,2022-01-13T05:20:00+00:00,563.21,2022-01-13T07:00:00+00:00,535.06,-844.5,36.32,-880.82,-5.213,20
156,2022-01-14T05:00:00+00:00,447.73,2022-01-14T07:55:00+00:00,427.27,-613.8,28.17,-641.97,-4.779,35
157,2022-01-17T05:00:00+00:00,393.75,2022-01-17T05:05:00+00:00,373.9,-595.5,24.7,-620.2,-5.25,1
158,2022-01-18T04:50:00+00:00,388.55,2022-01-18T04:55:00+00:00,366.39,-664.8,24.41,-689.21,-5.913,1
159,2022-01-19T04:50:00+00:00,426.81,2022-01-19T04:55:00+00:00,407.79,-570.6,27.24,-597.84,-4.669,1
160,2022-01-20T05:10:00+00:00,373.66,2022-01-20T05:30:00+00:00,352.9,-622.8,23.75,-646.55,-5.768,4
161,2022-01-21T04:50:00+00:00,331.18,2022-01-21T04:55:00+00:00,312.81,-551.1,20.85,-571.95,-5.757,1
162,2022-01-24T04:50:00+00:00,298.77,2022-01-24T06:15:00+00:00,416.18,3522.3,24.48,3497.82,39.025,17
163,2022-01-25T04:50:00+00:00,283.46,2022-01-25T04:55:00+00:00,261.34,-663.6,17.56,-681.16,-8.01,1
164,2022-01-27T04:55:00+00:00,199.81,2022-01-27T05:00:00+00:00,177.89,-657.6,11.71,-669.31,-11.166,1
165,2022-01-28T04:50:00+00:00,751.49,2022-01-28T04:55:00+00:00,732.04,-583.5,49.2,-632.7,-2.806,1
166,2022-01-31T04:55:00+00:00,926.53,2022-01-31T05:00:00+00:00,905.73,-624.0,60.24,-684.24,-2.462,1
167,2022-02-01T05:10:00+00:00,740.98,2022-02-01T05:25:00+00:00,717.71,-698.1,47.63,-745.73,-3.355,3
168,2022-02-02T05:10:00+00:00,650.12,2022-02-02T05:15:00+00:00,627.88,-667.2,42.47,-709.67,-3.639,1
169,2022-02-03T04:50:00+00:00,631.46,2022-02-03T05:05:00+00:00,614.99,-494.1,41.74,-535.84,-2.829,3
170,2022-02-04T04:50:00+00:00,633.12,2022-02-04T04:55:00+00:00,616.61,-495.3,41.81,-537.11,-2.828,1
171,2022-02-07T04:50:00+00:00,731.78,2022-02-07T04:55:00+00:00,711.43,-610.5,47.27,-657.77,-2.996,1
172,2022-02-08T04:50:00+00:00,568.65,2022-02-08T05:00:00+00:00,668.28,2988.9,42.52,2946.38,17.271,2
173,2022-02-09T05:00:00+00:00,561.02,2022-02-09T05:05:00+00:00,541.91,-573.3,36.43,-609.73,-3.623,1
174,2022-02-10T04:50:00+00:00,499.06,2022-02-10T04:55:00+00:00,476.53,-675.9,31.49,-707.39,-4.725,1
175,2022-02-11T04:55:00+00:00,591.7,2022-02-11T05:05:00+00:00,575.67,-480.9,38.91,-519.81,-2.928,2
176,2022-02-14T05:00:00+00:00,545.08,2022-02-14T05:45:00+00:00,531.77,-399.3,34.83,-434.13,-2.655,9
177,2022-02-15T04:50:00+00:00,531.87,2022-02-15T04:55:00+00:00,510.35,-645.6,34.03,-679.63,-4.259,1
178,2022-02-16T04:50:00+00:00,465.28,2022-02-16T04:55:00+00:00,444.47,-624.3,28.98,-653.28,-4.68,1
179,2022-02-17T04:55:00+00:00,458.9,2022-02-17T05:05:00+00:00,433.47,-762.9,28.57,-791.47,-5.749,2
180,2022-02-18T05:00:00+00:00,426.4,2022-02-18T05:25:00+00:00,407.14,-577.8,27.22,-605.02,-4.73,5
181,2022-02-21T05:00:00+00:00,305.36,2022-02-21T05:10:00+00:00,411.97,3198.3,24.54,3173.76,34.645,2
182,2022-02-22T04:50:00+00:00,314.19,2022-02-22T05:10:00+00:00,295.86,-549.9,20.07,-569.97,-6.047,4
183,2022-02-23T04:55:00+00:00,181.99,2022-02-23T05:00:00+00:00,165.5,-494.7,11.01,-505.71,-9.263,1
184,2022-02-24T04:50:00+00:00,235.78,2022-02-24T05:00:00+00:00,219.52,-487.8,14.5,-502.3,-7.101,2
185,2022-02-25T05:00:00+00:00,1292.89,2022-02-25T05:10:00+00:00,1400.62,3231.9,89.1,3142.8,8.103,2
186,2022-02-28T04:50:00+00:00,1268.07,2022-02-28T04:55:00+00:00,1251.68,-491.7,82.1,-573.8,-1.508,1
187,2022-03-02T04:50:00+00:00,1241.36,2022-03-02T04:55:00+00:00,1227.21,-424.5,80.92,-505.42,-1.357,1
188,2022-03-03T04:50:00+00:00,994.61,2022-03-03T05:05:00+00:00,970.58,-720.9,64.31,-785.21,-2.632,3
189,2022-03-04T04:50:00+00:00,1000.93,2022-03-04T05:30:00+00:00,1093.22,2768.7,69.28,2699.42,8.99,8
190,2022-03-07T05:35:00+00:00,889.66,2022-03-07T05:40:00+00:00,864.88,-743.4,57.45,-800.85,-3.001,1
191,2022-03-08T05:00:00+00:00,1036.57,2022-03-08T05:05:00+00:00,1012.77,-714.0,67.25,-781.25,-2.512,1
192,2022-03-09T04:50:00+00:00,985.57,2022-03-09T05:00:00+00:00,966.0,-587.1,64.0,-651.1,-2.202,2
193,2022-03-10T04:50:00+00:00,896.56,2022-03-10T05:10:00+00:00,883.36,-396.0,59.04,-455.04,-1.692,4
194,2022-03-11T04:55:00+00:00,771.14,2022-03-11T05:40:00+00:00,752.92,-546.6,50.14,-596.74,-2.579,9
195,2022-03-14T04:50:00+00:00,717.78,2022-03-14T04:55:00+00:00,695.83,-658.5,46.59,-705.09,-3.274,1
196,2022-03-15T04:55:00+00:00,792.61,2022-03-15T05:25:00+00:00,779.92,-380.7,52.26,-432.96,-1.821,6
197,2022-03-16T04:55:00+00:00,669.36,2022-03-16T05:00:00+00:00,648.4,-628.8,43.38,-672.18,-3.347,1
198,2022-03-17T04:50:00+00:00,594.18,2022-03-17T04:55:00+00:00,580.56,-408.6,39.08,-447.68,-2.511,1
199,2022-03-21T04:50:00+00:00,516.46,2022-03-21T05:10:00+00:00,496.12,-610.2,32.35,-642.55,-4.147,4
200,2022-03-22T05:00:00+00:00,577.73,2022-03-22T05:05:00+00:00,558.32,-582.3,37.19,-619.49,-3.574,1
201,2022-03-23T04:50:00+00:00,519.82,2022-03-23T05:20:00+00:00,496.35,-704.1,32.43,-736.53,-4.723,6
202,2022-03-24T04:50:00+00:00,466.9,2022-03-24T05:00:00+00:00,449.87,-510.9,29.14,-540.04,-3.856,2
203,2022-03-25T05:15:00+00:00,471.99,2022-03-25T05:30:00+00:00,452.01,-599.4,29.3,-628.7,-4.44,3
204,2022-03-28T05:25:00+00:00,325.05,2022-03-28T05:30:00+00:00,302.91,-664.2,20.48,-684.68,-7.021,1
205,2022-03-29T04:55:00+00:00,244.88,2022-03-29T05:00:00+00:00,227.85,-510.9,14.9,-525.8,-7.157,1
206,2022-03-30T04:50:00+00:00,147.74,2022-03-30T06:45:00+00:00,131.94,-474.0,8.45,-482.45,-10.885,23
207,2022-03-31T05:10:00+00:00,178.86,2022-03-31T05:25:00+00:00,157.54,-639.6,10.76,-650.36,-12.12,3
208,2022-04-01T04:55:00+00:00,897.81,2022-04-01T05:25:00+00:00,874.65,-694.8,57.87,-752.67,-2.794,6
209,2022-04-04T05:05:00+00:00,660.06,2022-04-04T05:20:00+00:00,756.45,2891.7,47.66,2844.04,14.363,3
210,2022-04-05T04:50:00+00:00,793.24,2022-04-05T05:10:00+00:00,775.64,-528.0,52.17,-580.17,-2.438,4
211,2022-04-06T04:50:00+00:00,797.46,2022-04-06T04:55:00+00:00,778.17,-578.7,52.33,-631.03,-2.638,1
212,2022-04-07T04:50:00+00:00,730.56,2022-04-07T04:55:00+00:00,710.93,-588.9,47.24,-636.14,-2.903,1
213,2022-04-08T04:50:00+00:00,597.68,2022-04-08T04:55:00+00:00,573.86,-714.6,39.01,-753.61,-4.203,1
214,2022-04-11T04:50:00+00:00,694.26,2022-04-11T05:05:00+00:00,671.53,-681.9,45.49,-727.39,-3.492,3
215,2022-04-12T05:05:00+00:00,640.65,2022-04-12T05:20:00+00:00,615.69,-748.8,41.97,-790.77,-4.114,3
216,2022-04-13T05:25:00+00:00,581.61,2022-04-13T06:05:00+00:00,562.67,-568.2,38.38,-606.58,-3.476,8
217,2022-04-18T04:50:00+00:00,468.57,2022-04-18T04:55:00+00:00,448.98,-587.7,29.16,-616.86,-4.388,1
218,2022-04-19T04:50:00+00:00,425.49,2022-04-19T04:55:00+00:00,406.26,-576.9,27.18,-604.08,-4.732,1
219,2022-04-20T04:55:00+00:00,416.67,2022-04-20T05:00:00+00:00,397.68,-569.7,25.78,-595.48,-4.764,1
220,2022-04-21T04:55:00+00:00,329.92,2022-04-21T05:00:00+00:00,317.28,-379.2,20.92,-400.12,-4.043,1
221,2022-04-22T04:50:00+00:00,360.3,2022-04-22T08:15:00+00:00,336.46,-715.2,22.06,-737.26,-6.821,41
222,2022-04-25T04:55:00+00:00,257.72,2022-04-25T05:10:00+00:00,239.22,-555.0,15.46,-570.46,-7.378,3
223,2022-04-26T05:00:00+00:00,217.22,2022-04-26T05:50:00+00:00,196.79,-612.9,13.55,-626.45,-9.613,10
224,2022-04-27T04:50:00+00:00,164.57,2022-04-27T07:15:00+00:00,289.24,3740.1,15.46,3724.64,75.442,29
225,2022-04-28T04:50:00+00:00,139.1,2022-04-28T05:25:00+00:00,127.26,-355.2,8.14,-363.34,-8.707,7
226,2022-04-29T04:50:00+00:00,860.29,2022-04-29T06:05:00+00:00,954.76,2834.1,60.85,2773.25,10.745,15
227,2022-05-02T04:55:00+00:00,702.06,2022-05-02T05:00:00+00:00,683.0,-571.8,45.93,-617.73,-2.933,1
228,2022-05-04T04:50:00+00:00,672.26,2022-05-04T05:05:00+00:00,663.77,-254.7,43.8,-298.5,-1.48,3
229,2022-05-05T04:50:00+00:00,722.49,2022-05-05T04:55:00+00:00,703.13,-580.8,46.87,-627.67,-2.896,1
230,2022-05-06T04:50:00+00:00,628.78,2022-05-06T05:00:00+00:00,601.94,-805.2,40.38,-845.58,-4.483,2
231,2022-05-09T04:55:00+00:00,725.82,2022-05-09T05:05:00+00:00,703.88,-658.2,46.96,-705.16,-3.238,2
232,2022-05-10T04:50:00+00:00,685.99,2022-05-10T06:30:00+00:00,787.98,3059.7,49.98,3009.72,14.625,20
233,2022-05-11T04:55:00+00:00,694.98,2022-05-11T05:00:00+00:00,687.31,-230.1,45.87,-275.97,-1.324,1
234,2022-05-12T04:50:00+00:00,705.79,2022-05-12T05:20:00+00:00,691.46,-429.9,46.22,-476.12,-2.249,6
235,2022-05-13T04:50:00+00:00,617.17,2022-05-13T07:40:00+00:00,717.26,3002.7,44.77,2957.93,15.976,34
236,2022-05-16T04:50:00+00:00,492.23,2022-05-16T04:55:00+00:00,473.93,-549.0,31.28,-580.28,-3.93,1
237,2022-05-17T04:50:00+00:00,549.51,2022-05-17T05:55:00+00:00,665.31,3474.0,40.01,3433.99,20.831,13
238,2022-05-18T05:10:00+00:00,478.18,2022-05-18T05:15:00+00:00,457.76,-612.6,30.58,-643.18,-4.484,1
239,2022-05-19T04:50:00+00:00,443.95,2022-05-19T04:55:00+00:00,425.94,-540.3,28.06,-568.36,-4.267,1
240,2022-05-20T04:50:00+00:00,364.01,2022-05-20T04:55:00+00:00,352.78,-336.9,23.53,-360.43,-3.301,1
241,2022-05-23T04:55:00+00:00,308.95,2022-05-23T05:00:00+00:00,287.64,-639.3,18.75,-658.05,-7.1,1
242,2022-05-24T04:50:00+00:00,237.06,2022-05-24T04:55:00+00:00,220.16,-507.0,14.54,-521.54,-7.333,1
243,2022-05-25T04:50:00+00:00,180.01,2022-05-25T04:55:00+00:00,171.13,-266.4,11.1,-277.5,-5.139,1
244,2022-05-26T04:50:00+00:00,174.92,2022-05-26T04:55:00+00:00,162.11,-384.3,10.77,-395.07,-7.529,1
245,2022-05-27T05:05:00+00:00,828.07,2022-05-27T05:10:00+00:00,807.82,-607.5,53.72,-661.22,-2.662,1
246,2022-05-30T05:45:00+00:00,974.47,2022-05-30T05:50:00+00:00,953.59,-626.4,63.45,-689.85,-2.36,1
247,2022-05-31T04:50:00+00:00,716.77,2022-05-31T04:55:00+00:00,700.41,-490.8,46.67,-537.47,-2.5,1
248,2022-06-01T04:50:00+00:00,926.69,2022-06-01T07:35:00+00:00,896.82,-896.1,60.04,-956.14,-3.439,33
249,2022-06-02T04:55:00+00:00,705.66,2022-06-02T05:00:00+00:00,687.19,-554.1,46.11,-600.21,-2.835,1
250,2022-06-03T05:00:00+00:00,658.63,2022-06-03T07:55:00+00:00,753.24,2838.3,47.55,2790.75,14.124,35
251,2022-06-06T04:50:00+00:00,780.79,2022-06-06T05:00:00+00:00,764.54,-487.5,50.63,-538.13,-2.297,2
252,2022-06-07T05:00:00+00:00,817.35,2022-06-07T05:05:00+00:00,798.96,-551.7,53.27,-604.97,-2.467,1
253,2022-06-08T05:05:00+00:00,774.43,2022-06-08T05:10:00+00:00,885.98,3346.5,56.28,3290.22,14.162,1
254,2022-06-09T04:55:00+00:00,699.69,2022-06-09T09:20:00+00:00,808.09,3252.0,50.76,3201.24,15.251,53
255,2022-06-10T04:50:00+00:00,704.81,2022-06-10T05:55:00+00:00,685.15,-589.8,46.05,-635.85,-3.007,13
256,2022-06-13T04:50:00+00:00,551.08,2022-06-13T04:55:00+00:00,533.56,-525.6,35.01,-560.61,-3.391,1
257,2022-06-14T04:50:00+00:00,691.93,2022-06-14T05:30:00+00:00,795.16,3096.9,50.29,3046.61,14.677,8
258,2022-06-15T04:50:00+00:00,632.21,2022-06-15T05:00:00+00:00,621.2,-330.3,41.9,-372.2,-1.962,2
259,2022-06-16T04:55:00+00:00,488.35,2022-06-16T05:05:00+00:00,475.5,-385.5,31.22,-416.72,-2.844,2
260,2022-06-17T05:05:00+00:00,631.25,2022-06-17T05:15:00+00:00,613.69,-526.8,41.7,-568.5,-3.002,2
261,2022-06-20T04:50:00+00:00,508.97,2022-06-20T04:55:00+00:00,489.49,-584.4,32.02,-616.42,-4.037,1
262,2022-06-21T04:55:00+00:00,455.83,2022-06-21T05:05:00+00:00,435.98,-595.5,28.56,-624.06,-4.564,2
263,2022-06-22T04:50:00+00:00,444.97,2022-06-22T05:50:00+00:00,422.77,-666.0,28.01,-694.01,-5.199,12
264,2022-06-23T05:15:00+00:00,344.65,2022-06-23T05:30:00+00:00,327.55,-513.0,21.5,-534.5,-5.169,3
265,2022-06-24T04:50:00+00:00,320.79,2022-06-24T05:10:00+00:00,299.39,-642.0,20.3,-662.3,-6.882,4
266,2022-06-27T04:50:00+00:00,255.97,2022-06-27T04:55:00+00:00,236.72,-577.5,15.36,-592.86,-7.72,1
267,2022-06-28T05:00:00+00:00,199.35,2022-06-28T05:15:00+00:00,184.21,-454.2,11.84,-466.04,-7.793,3
268,2022-06-29T04:50:00+00:00,158.39,2022-06-29T05:25:00+00:00,138.9,-584.7,9.85,-594.55,-12.512,7
269,2022-06-30T04:50:00+00:00,166.26,2022-06-30T04:55:00+00:00,146.03,-606.9,10.2,-617.1,-12.372,1
270,2022-07-01T04:55:00+00:00,877.58,2022-07-01T07:35:00+00:00,975.43,2935.5,61.72,2873.78,10.916,32
271,2022-07-04T04:55:00+00:00,810.13,2022-07-04T05:00:00+00:00,788.23,-657.0,52.85,-709.85,-2.921,1
272,2022-07-05T04:55:00+00:00,752.7,2022-07-05T08:10:00+00:00,730.26,-673.2,49.19,-722.39,-3.199,39
273,2022-07-06T05:00:00+00:00,757.55,2022-07-06T06:05:00+00:00,741.42,-483.9,49.56,-533.46,-2.347,13
274,2022-07-07T04:55:00+00:00,756.87,2022-07-07T07:45:00+00:00,864.79,3237.6,54.39,3183.21,14.019,34
275,2022-07-08T05:00:00+00:00,702.48,2022-07-08T05:50:00+00:00,682.34,-604.2,45.93,-650.13,-3.085,10
276,2022-07-11T05:00:00+00:00,609.24,2022-07-11T05:05:00+00:00,589.28,-598.8,39.63,-638.43,-3.493,1
277,2022-07-12T05:00:00+00:00,581.0,2022-07-12T05:10:00+00:00,562.96,-541.2,38.38,-579.58,-3.325,2
278,2022-07-13T04:50:00+00:00,488.64,2022-07-13T07:25:00+00:00,597.33,3260.7,36.04,3224.66,21.998,31
279,2022-07-14T04:55:00+00:00,459.49,2022-07-14T05:20:00+00:00,442.35,-514.2,28.79,-542.99,-3.939,5
280,2022-07-15T04:55:00+00:00,441.4,2022-07-15T05:00:00+00:00,421.34,-601.8,27.89,-629.69,-4.755,1
281,2022-07-18T04:50:00+00:00,355.53,2022-07-18T05:10:00+00:00,341.61,-417.6,22.07,-439.67,-4.122,4
282,2022-07-19T04:50:00+00:00,350.93,2022-07-19T04:55:00+00:00,337.07,-415.8,21.86,-437.66,-4.157,1
283,2022-07-20T04:50:00+00:00,316.13,2022-07-20T04:55:00+00:00,303.55,-377.4,20.29,-397.69,-4.193,1
284,2022-07-21T05:00:00+00:00,320.39,2022-07-21T05:30:00+00:00,300.94,-583.5,20.33,-603.83,-6.282,6
285,2022-07-22T06:20:00+00:00,323.36,2022-07-22T07:25:00+00:00,435.33,3359.1,25.49,3333.61,34.364,13
286,2022-07-25T04:55:00+00:00,215.47,2022-07-25T07:45:00+00:00,197.33,-544.2,13.52,-557.72,-8.628,34
287,2022-07-26T04:50:00+00:00,182.17,2022-07-26T04:55:00+00:00,164.57,-528.0,10.99,-538.99,-9.862,1
288,2022-07-27T04:50:00+00:00,161.26,2022-07-27T04:55:00+00:00,139.95,-639.3,9.94,-649.24,-13.42,1
289,2022-07-28T04:50:00+00:00,116.13,2022-07-28T09:50:00+00:00,179.01,1886.4,9.8,1876.6,53.865,60
290,2022-07-29T04:55:00+00:00,590.99,2022-07-29T05:35:00+00:00,571.24,-592.5,38.8,-631.3,-3.561,8
291,2022-08-01T05:15:00+00:00,748.95,2022-08-01T08:30:00+00:00,862.0,3391.5,54.14,3337.36,14.854,39
292,2022-08-02T04:50:00+00:00,764.63,2022-08-02T06:05:00+00:00,870.14,3165.3,54.69,3110.61,13.56,15
293,2022-08-03T04:55:00+00:00,619.2,2022-08-03T07:20:00+00:00,587.83,-941.1,39.83,-980.93,-5.281,29
294,2022-08-04T05:05:00+00:00,604.95,2022-08-04T05:45:00+00:00,719.56,3438.3,44.54,3393.76,18.7,8
295,2022-08-05T04:50:00+00:00,586.82,2022-08-05T04:55:00+00:00,568.97,-535.5,38.65,-574.15,-3.261,1
296,2022-08-08T04:50:00+00:00,707.02,2022-08-08T07:10:00+00:00,817.95,3327.9,51.16,3276.74,15.449,28
297,2022-08-10T04:50:00+00:00,663.56,2022-08-10T04:55:00+00:00,640.66,-687.0,43.07,-730.07,-3.667,1
298,2022-08-11T05:05:00+00:00,605.85,2022-08-11T05:55:00+00:00,590.5,-460.5,39.58,-500.08,-2.751,10
299,2022-08-12T04:55:00+00:00,545.52,2022-08-12T05:05:00+00:00,532.92,-378.0,34.86,-412.86,-2.523,2
300,2022-08-16T04:50:00+00:00,451.31,2022-08-16T05:45:00+00:00,432.77,-556.2,28.38,-584.58,-4.318,11
301,2022-08-17T05:35:00+00:00,453.76,2022-08-17T06:15:00+00:00,432.68,-632.4,28.44,-660.84,-4.855,8
302,2022-08-18T04:50:00+00:00,378.02,2022-08-18T06:25:00+00:00,489.13,3333.3,28.99,3304.31,29.137,19
303,2022-08-19T05:25:00+00:00,315.2,2022-08-19T05:35:00+00:00,419.56,3130.8,24.94,3105.86,32.845,2
304,2022-08-22T05:15:00+00:00,248.31,2022-08-22T05:20:00+00:00,229.94,-551.1,15.03,-566.13,-7.6,1
305,2022-08-23T05:00:00+00:00,207.08,2022-08-23T05:35:00+00:00,320.64,3406.8,18.17,3388.63,54.546,7
306,2022-08-24T04:55:00+00:00,141.25,2022-08-24T05:00:00+00:00,122.87,-551.4,8.09,-559.49,-13.203,1
307,2022-08-25T04:50:00+00:00,152.61,2022-08-25T04:55:00+00:00,139.91,-381.0,9.74,-390.74,-8.535,1
308,2022-08-26T04:50:00+00:00,766.54,2022-08-26T04:55:00+00:00,745.98,-616.8,49.87,-666.67,-2.899,1
309,2022-08-29T04:55:00+00:00,776.18,2022-08-29T07:00:00+00:00,757.1,-572.4,50.35,-622.75,-2.674,25
310,2022-08-30T04:50:00+00:00,713.8,2022-08-30T04:55:00+00:00,701.91,-356.7,46.64,-403.34,-1.884,1
311,2022-09-01T04:55:00+00:00,984.93,2022-09-01T05:00:00+00:00,963.37,-646.8,63.92,-710.72,-2.405,1
312,2022-09-02T04:55:00+00:00,963.21,2022-09-02T05:10:00+00:00,938.27,-748.2,62.84,-811.04,-2.807,3
313,2022-09-05T05:10:00+00:00,711.52,2022-09-05T05:15:00+00:00,695.12,-492.0,46.43,-538.43,-2.522,1
314,2022-09-06T04:50:00+00:00,713.71,2022-09-06T05:25:00+00:00,682.83,-926.4,46.2,-972.6,-4.542,7
315,2022-09-07T04:55:00+00:00,673.58,2022-09-07T06:20:00+00:00,645.33,-847.5,43.41,-890.91,-4.409,17
316,2022-09-08T04:50:00+00:00,779.26,2022-09-08T05:00:00+00:00,758.11,-634.5,50.45,-684.95,-2.93,2
317,2022-09-09T04:50:00+00:00,741.09,2022-09-09T05:35:00+00:00,719.72,-641.1,47.68,-688.78,-3.098,9
318,2022-09-12T05:05:00+00:00,578.49,2022-09-12T05:55:00+00:00,559.33,-574.8,37.23,-612.03,-3.527,10
319,2022-09-13T04:55:00+00:00,548.98,2022-09-13T05:10:00+00:00,536.34,-379.2,35.02,-414.22,-2.515,3
320,2022-09-14T05:05:00+00:00,638.39,2022-09-14T05:10:00+00:00,616.69,-651.0,41.94,-692.94,-3.618,1
321,2022-09-15T04:50:00+00:00,658.62,2022-09-15T04:55:00+00:00,642.62,-480.0,43.0,-523.0,-2.647,1
322,2022-09-16T05:00:00+00:00,637.04,2022-09-16T07:20:00+00:00,625.12,-357.6,42.1,-399.7,-2.091,28
323,2022-09-19T05:20:00+00:00,494.47,2022-09-19T05:25:00+00:00,475.11,-580.8,31.35,-612.15,-4.127,1
324,2022-09-20T05:00:00+00:00,444.3,2022-09-20T06:50:00+00:00,429.05,-457.5,28.14,-485.64,-3.643,22
325,2022-09-21T04:55:00+00:00,501.36,2022-09-21T06:00:00+00:00,479.85,-645.3,31.62,-676.92,-4.501,13
326,2022-09-22T04:50:00+00:00,408.08,2022-09-22T05:50:00+00:00,512.3,3126.6,31.22,3095.38,25.284,12
327,2022-09-23T04:50:00+00:00,379.3,2022-09-23T04:55:00+00:00,360.83,-554.1,24.06,-578.16,-5.081,1
328,2022-09-26T04:55:00+00:00,296.73,2022-09-26T05:00:00+00:00,278.75,-539.4,18.27,-557.67,-6.265,1
329,2022-09-27T05:05:00+00:00,244.82,2022-09-27T05:10:00+00:00,227.28,-526.2,14.88,-541.08,-7.367,1
330,2022-09-28T05:00:00+00:00,184.14,2022-09-28T05:55:00+00:00,164.17,-599.1,11.03,-610.13,-11.045,11
331,2022-09-29T05:15:00+00:00,178.83,2022-09-29T05:20:00+00:00,158.53,-609.0,10.78,-619.78,-11.552,1
332,2022-09-30T04:50:00+00:00,958.95,2022-09-30T04:55:00+00:00,935.84,-693.3,62.69,-755.99,-2.628,1
333,2022-10-03T05:50:00+00:00,921.94,2022-10-03T06:05:00+00:00,896.72,-756.6,59.93,-816.53,-2.952,3
334,2022-10-04T05:00:00+00:00,698.8,2022-10-04T06:25:00+00:00,671.03,-833.1,45.58,-878.68,-4.191,17
335,2022-10-06T04:55:00+00:00,654.16,2022-10-06T05:30:00+00:00,632.52,-649.2,42.67,-691.87,-3.525,7
336,2022-10-07T04:55:00+00:00,620.85,2022-10-07T05:10:00+00:00,602.8,-541.5,40.21,-581.71,-3.123,3
337,2022-10-10T04:50:00+00:00,721.21,2022-10-10T06:00:00+00:00,830.7,3284.7,52.78,3231.92,14.937,14
338,2022-10-11T04:50:00+00:00,717.03,2022-10-11T04:55:00+00:00,696.57,-613.8,46.59,-660.39,-3.07,1
339,2022-10-12T04:55:00+00:00,675.04,2022-10-12T05:05:00+00:00,658.32,-501.6,43.74,-545.34,-2.693,2
340,2022-10-13T04:55:00+00:00,561.29,2022-10-13T06:10:00+00:00,663.06,3053.1,41.23,3011.87,17.887,15
341,2022-10-14T05:00:00+00:00,523.71,2022-10-14T05:25:00+00:00,501.56,-664.5,32.64,-697.14,-4.437,5
342,2022-10-17T04:50:00+00:00,535.36,2022-10-17T04:55:00+00:00,513.45,-657.3,34.18,-691.48,-4.305,1
343,2022-10-18T04:55:00+00:00,485.07,2022-10-18T05:10:00+00:00,467.31,-532.8,30.96,-563.76,-3.874,3
344,2022-10-19T04:50:00+00:00,438.99,2022-10-19T04:55:00+00:00,419.53,-583.8,27.79,-611.59,-4.644,1
345,2022-10-20T04:50:00+00:00,398.99,2022-10-20T04:55:00+00:00,379.4,-587.7,24.95,-612.65,-5.118,1
346,2022-10-21T04:50:00+00:00,334.85,2022-10-21T05:00:00+00:00,315.6,-577.5,21.0,-598.5,-5.958,2
347,2022-10-25T04:50:00+00:00,199.24,2022-10-25T06:30:00+00:00,179.08,-604.8,11.72,-616.52,-10.315,20
348,2022-10-27T04:55:00+00:00,152.74,2022-10-27T05:00:00+00:00,132.23,-615.3,8.57,-623.87,-13.615,1
349,2022-10-28T05:00:00+00:00,625.04,2022-10-28T05:05:00+00:00,607.02,-540.6,40.41,-581.01,-3.099,1
350,2022-10-31T05:45:00+00:00,753.01,2022-10-31T09:50:00+00:00,821.17,2044.8,52.29,1992.51,8.82,49
351,2022-11-01T04:50:00+00:00,589.54,2022-11-01T05:10:00+00:00,575.73,-414.3,38.87,-453.17,-2.562,4
352,2022-11-02T04:50:00+00:00,590.55,2022-11-02T07:15:00+00:00,686.38,2874.9,43.44,2831.46,15.982,29
353,2022-11-03T05:00:00+00:00,733.84,2022-11-03T05:05:00+00:00,712.26,-647.4,47.34,-694.74,-3.156,1
354,2022-11-04T04:50:00+00:00,512.73,2022-11-04T05:35:00+00:00,486.94,-773.7,32.05,-805.75,-5.238,9
355,2022-11-07T04:50:00+00:00,509.25,2022-11-07T07:55:00+00:00,617.79,3256.2,37.99,3218.21,21.065,37
356,2022-11-09T05:00:00+00:00,592.13,2022-11-09T05:10:00+00:00,579.8,-369.9,39.02,-408.92,-2.302,2
357,2022-11-10T04:55:00+00:00,459.35,2022-11-10T07:20:00+00:00,551.02,2750.1,33.3,2716.8,19.715,29
358,2022-11-11T04:50:00+00:00,408.18,2022-11-11T05:20:00+00:00,392.61,-467.1,25.46,-492.56,-4.022,6
359,2022-11-14T05:00:00+00:00,377.4,2022-11-14T05:10:00+00:00,369.43,-239.1,24.22,-263.32,-2.326,2
360,2022-11-15T04:50:00+00:00,446.36,2022-11-15T04:55:00+00:00,430.24,-483.6,28.21,-511.81,-3.822,1
361,2022-11-16T04:55:00+00:00,425.98,2022-11-16T05:00:00+00:00,405.84,-604.2,27.18,-631.38,-4.941,1
362,2022-11-17T05:05:00+00:00,309.46,2022-11-17T05:15:00+00:00,293.72,-472.2,19.91,-492.11,-5.301,2
363,2022-11-18T05:10:00+00:00,289.56,2022-11-18T09:35:00+00:00,261.31,-847.5,17.7,-865.2,-9.96,53
364,2022-11-21T04:50:00+00:00,247.96,2022-11-21T04:55:00+00:00,227.63,-609.9,14.97,-624.87,-8.4,1
365,2022-11-22T04:55:00+00:00,184.32,2022-11-22T05:35:00+00:00,168.16,-484.8,11.13,-495.93,-8.969,8
366,2022-11-23T05:05:00+00:00,143.44,2022-11-23T05:15:00+00:00,134.63,-264.3,9.41,-273.71,-6.361,2
367,2022-11-24T05:20:00+00:00,105.4,2022-11-24T06:55:00+00:00,90.49,-447.3,6.52,-453.82,-14.352,19
368,2022-11-25T04:50:00+00:00,807.46,2022-11-25T05:25:00+00:00,782.83,-738.9,52.67,-791.57,-3.268,7
369,2022-11-28T04:55:00+00:00,813.11,2022-11-28T05:00:00+00:00,797.25,-475.8,53.13,-528.93,-2.168,1
370,2022-11-29T04:55:00+00:00,814.58,2022-11-29T05:55:00+00:00,804.06,-315.6,53.32,-368.92,-1.51,12
371,2022-11-30T04:50:00+00:00,564.0,2022-11-30T09:30:00+00:00,559.93,-122.1,36.91,-159.01,-0.94,56
372,2022-12-01T04:50:00+00:00,524.68,2022-12-01T04:55:00+00:00,514.54,-304.2,33.96,-338.16,-2.148,1
373,2022-12-02T05:20:00+00:00,544.09,2022-12-02T05:35:00+00:00,524.07,-600.6,34.63,-635.23,-3.892,3
374,2022-12-05T04:50:00+00:00,691.08,2022-12-05T07:15:00+00:00,793.75,3080.1,50.23,3029.87,14.614,29
375,2022-12-06T04:50:00+00:00,545.86,2022-12-06T04:55:00+00:00,536.63,-276.9,34.96,-311.86,-1.904,1
376,2022-12-07T05:10:00+00:00,501.05,2022-12-07T05:20:00+00:00,600.68,2988.9,36.4,2952.5,19.642,2
377,2022-12-08T05:40:00+00:00,649.16,2022-12-08T07:10:00+00:00,629.08,-602.4,42.47,-644.87,-3.311,18
378,2022-12-09T04:55:00+00:00,480.37,2022-12-09T07:05:00+00:00,590.86,3314.7,35.7,3279.0,22.753,26
379,2022-12-12T04:50:00+00:00,586.64,2022-12-12T05:35:00+00:00,565.48,-634.8,38.56,-673.36,-3.826,9
380,2022-12-13T04:50:00+00:00,553.69,2022-12-13T07:15:00+00:00,523.32,-911.1,34.83,-945.93,-5.695,29
381,2022-12-14T04:55:00+00:00,487.83,2022-12-14T09:05:00+00:00,471.86,-479.1,31.13,-510.23,-3.486,50
382,2022-12-15T04:55:00+00:00,484.76,2022-12-15T05:20:00+00:00,460.61,-724.5,30.8,-755.3,-5.194,5
383,2022-12-16T04:50:00+00:00,412.59,2022-12-16T05:00:00+00:00,395.06,-525.9,25.62,-551.52,-4.456,2
384,2022-12-19T04:50:00+00:00,462.02,2022-12-19T07:15:00+00:00,438.56,-703.8,28.76,-732.56,-5.285,29
385,2022-12-20T04:50:00+00:00,353.92,2022-12-20T05:20:00+00:00,338.16,-472.8,21.96,-494.76,-4.66,6
386,2022-12-21T04:50:00+00:00,325.15,2022-12-21T06:40:00+00:00,429.3,3124.5,25.39,3099.11,31.771,22
387,2022-12-22T04:55:00+00:00,344.12,2022-12-22T05:00:00+00:00,327.32,-504.0,21.48,-525.48,-5.09,1
388,2022-12-23T04:50:00+00:00,331.43,2022-12-23T05:00:00+00:00,309.34,-662.7,20.77,-683.47,-6.874,2
389,2022-12-26T04:50:00+00:00,242.95,2022-12-26T04:55:00+00:00,223.27,-590.4,14.75,-605.15,-8.303,1
390,2022-12-27T05:00:00+00:00,204.57,2022-12-27T05:40:00+00:00,183.72,-625.5,11.95,-637.45,-10.387,8
391,2022-12-28T04:55:00+00:00,118.29,2022-12-28T05:05:00+00:00,101.54,-502.5,7.07,-509.57,-14.359,2
392,2022-12-29T04:55:00+00:00,120.75,2022-12-29T07:35:00+00:00,231.91,3334.8,12.13,3322.67,91.723,32
393,2022-12-30T04:55:00+00:00,774.61,2022-12-30T05:25:00+00:00,753.82,-623.7,50.24,-673.94,-2.9,6
394,2023-01-02T05:00:00+00:00,592.19,2023-01-02T05:05:00+00:00,570.94,-637.5,38.82,-676.32,-3.807,1
395,2023-01-03T05:10:00+00:00,551.72,2023-01-03T05:25:00+00:00,533.66,-541.8,35.02,-576.82,-3.485,3
396,2023-01-04T05:35:00+00:00,563.65,2023-01-04T06:35:00+00:00,683.63,3599.4,42.76,3556.64,21.033,12
397,2023-01-05T05:55:00+00:00,538.31,2023-01-05T07:45:00+00:00,648.37,3301.8,39.36,3262.44,20.202,22
398,2023-01-06T05:05:00+00:00,510.45,2023-01-06T05:20:00+00:00,490.82,-588.9,32.09,-620.99,-4.055,3
399,2023-01-09T04:55:00+00:00,607.55,2023-01-09T05:05:00+00:00,583.55,-720.0,39.46,-759.46,-4.167,2
400,2023-01-10T05:05:00+00:00,458.82,2023-01-10T05:25:00+00:00,440.8,-540.6,28.74,-569.34,-4.136,4
401,2023-01-11T05:25:00+00:00,471.53,2023-01-11T05:55:00+00:00,451.12,-612.3,29.27,-641.57,-4.535,6
402,2023-01-12T04:50:00+00:00,473.45,2023-01-12T06:25:00+00:00,576.77,3099.6,35.21,3064.39,21.575,19
403,2023-01-13T04:50:00+00:00,506.86,2023-01-13T05:05:00+00:00,482.36,-735.0,31.81,-766.81,-5.043,3
404,2023-01-16T04:50:00+00:00,347.02,2023-01-16T06:25:00+00:00,448.0,3029.4,26.33,3003.07,28.846,19
405,2023-01-17T05:05:00+00:00,384.94,2023-01-17T05:10:00+00:00,365.21,-591.9,24.3,-616.2,-5.336,1
406,2023-01-18T04:50:00+00:00,301.81,2023-01-18T05:45:00+00:00,283.3,-555.3,18.49,-573.79,-6.337,11
407,2023-01-19T04:55:00+00:00,342.64,2023-01-19T05:15:00+00:00,323.54,-573.0,21.36,-594.36,-5.782,4
408,2023-01-20T04:50:00+00:00,282.61,2023-01-20T05:25:00+00:00,261.33,-638.4,17.54,-655.94,-7.737,7
409,2023-01-23T05:05:00+00:00,162.54,2023-01-23T05:10:00+00:00,143.72,-564.6,10.06,-574.66,-11.785,1
410,2023-01-24T05:05:00+00:00,131.93,2023-01-24T05:35:00+00:00,111.69,-607.2,7.62,-614.82,-15.534,6
411,2023-01-25T05:00:00+00:00,128.15,2023-01-25T05:05:00+00:00,109.39,-562.8,7.48,-570.28,-14.834,1
412,2023-01-27T05:10:00+00:00,805.2,2023-01-27T05:15:00+00:00,789.62,-467.4,52.77,-520.17,-2.153,1
413,2023-01-30T05:00:00+00:00,692.62,2023-01-30T05:15:00+00:00,796.2,3107.4,50.33,3057.07,14.713,3
414,2023-01-31T05:00:00+00:00,810.06,2023-01-31T05:35:00+00:00,788.08,-659.4,52.85,-712.25,-2.931,7
415,2023-02-01T04:55:00+00:00,711.58,2023-02-01T05:45:00+00:00,696.97,-438.3,46.48,-484.78,-2.271,10
416,2023-02-02T05:00:00+00:00,593.57,2023-02-02T05:05:00+00:00,569.45,-723.6,38.81,-762.41,-4.281,1
417,2023-02-03T04:55:00+00:00,515.47,2023-02-03T05:10:00+00:00,625.98,3315.3,38.32,3276.98,21.191,3
418,2023-02-06T04:50:00+00:00,495.68,2023-02-06T05:05:00+00:00,598.96,3098.4,36.24,3062.16,20.592,3
419,2023-02-07T04:55:00+00:00,578.52,2023-02-07T05:55:00+00:00,550.34,-845.4,37.03,-882.43,-5.084,12
420,2023-02-08T05:10:00+00:00,405.61,2023-02-08T05:30:00+00:00,385.2,-612.3,25.23,-637.53,-5.239,4
421,2023-02-09T04:50:00+00:00,393.93,2023-02-09T04:55:00+00:00,380.68,-397.5,24.86,-422.36,-3.574,1
422,2023-02-10T05:05:00+00:00,370.85,2023-02-10T05:10:00+00:00,351.85,-570.0,23.66,-593.66,-5.336,1
423,2023-02-13T05:00:00+00:00,426.55,2023-02-13T05:55:00+00:00,405.14,-642.3,27.18,-669.48,-5.232,11
424,2023-02-14T04:50:00+00:00,333.02,2023-02-14T04:55:00+00:00,321.76,-337.8,21.1,-358.9,-3.592,1
425,2023-02-15T04:50:00+00:00,356.31,2023-02-15T04:55:00+00:00,338.06,-547.5,22.01,-569.51,-5.328,1
426,2023-02-16T04:50:00+00:00,295.83,2023-02-16T05:25:00+00:00,279.85,-479.4,18.27,-497.67,-5.608,7
427,2023-02-17T05:30:00+00:00,264.82,2023-02-17T05:35:00+00:00,245.7,-573.6,16.77,-590.37,-7.431,1
428,2023-02-20T05:00:00+00:00,167.48,2023-02-20T05:05:00+00:00,150.04,-523.2,10.32,-533.52,-10.619,1
429,2023-02-21T04:50:00+00:00,188.63,2023-02-21T06:35:00+00:00,168.1,-615.9,11.22,-627.12,-11.082,21
430,2023-02-22T04:50:00+00:00,105.71,2023-02-22T05:00:00+00:00,90.85,-445.8,6.53,-452.33,-14.263,2
431,2023-02-23T04:50:00+00:00,119.89,2023-02-23T04:55:00+00:00,97.53,-670.8,7.01,-677.81,-18.845,1
432,2023-02-24T04:50:00+00:00,834.31,2023-02-24T04:55:00+00:00,814.91,-582.0,54.02,-636.02,-2.541,1
433,2023-02-27T04:55:00+00:00,816.55,2023-02-27T05:00:00+00:00,794.47,-662.4,53.14,-715.54,-2.921,1
434,2023-02-28T04:50:00+00:00,730.27,2023-02-28T05:15:00+00:00,718.88,-341.7,47.41,-389.11,-1.776,5
435,2023-03-01T05:00:00+00:00,707.18,2023-03-01T05:05:00+00:00,687.23,-598.5,46.15,-644.65,-3.039,1
436,2023-03-02T04:50:00+00:00,494.34,2023-03-02T04:55:00+00:00,471.73,-678.3,31.27,-709.57,-4.785,1
437,2023-03-03T04:50:00+00:00,607.85,2023-03-03T05:15:00+00:00,728.3,3613.5,45.81,3567.69,19.565,5
438,2023-03-06T04:50:00+00:00,407.88,2023-03-06T04:55:00+00:00,399.78,-243.0,25.62,-268.62,-2.195,1
439,2023-03-08T04:50:00+00:00,417.75,2023-03-08T04:55:00+00:00,400.49,-517.8,26.87,-544.67,-4.346,1
440,2023-03-09T05:00:00+00:00,541.83,2023-03-09T05:05:00+00:00,520.12,-651.3,34.48,-685.78,-4.219,1
441,2023-03-10T04:50:00+00:00,572.59,2023-03-10T04:55:00+00:00,551.43,-634.8,36.92,-671.72,-3.91,1
442,2023-03-13T05:00:00+00:00,393.26,2023-03-13T05:05:00+00:00,376.27,-509.7,24.74,-534.44,-4.53,1
443,2023-03-14T04:50:00+00:00,463.06,2023-03-14T05:35:00+00:00,557.93,2846.1,33.54,2812.56,20.246,9
444,2023-03-15T05:05:00+00:00,435.07,2023-03-15T05:50:00+00:00,413.16,-657.3,27.56,-684.86,-5.247,9
445,2023-03-16T04:50:00+00:00,551.64,2023-03-16T05:05:00+00:00,666.79,3454.5,41.09,3413.41,20.626,3
446,2023-03-17T04:55:00+00:00,397.8,2023-03-17T05:00:00+00:00,379.4,-552.0,24.92,-576.92,-4.834,1
447,2023-03-20T04:55:00+00:00,380.68,2023-03-20T05:05:00+00:00,358.12,-676.8,24.03,-700.83,-6.137,2
448,2023-03-21T04:55:00+00:00,335.5,2023-03-21T05:00:00+00:00,318.19,-519.3,21.07,-540.37,-5.369,1
449,2023-03-22T04:50:00+00:00,300.92,2023-03-22T04:55:00+00:00,281.53,-581.7,18.43,-600.13,-6.648,1
450,2023-03-23T04:50:00+00:00,327.51,2023-03-23T05:20:00+00:00,309.39,-543.6,20.68,-564.28,-5.743,6
451,2023-03-24T04:50:00+00:00,271.64,2023-03-24T04:55:00+00:00,253.32,-549.6,17.1,-566.7,-6.954,1
452,2023-03-27T04:55:00+00:00,179.68,2023-03-27T06:00:00+00:00,296.68,3510.0,16.98,3493.02,64.801,13
453,2023-03-28T04:50:00+00:00,120.2,2023-03-28T04:55:00+00:00,102.9,-519.0,7.14,-526.14,-14.591,1
454,2023-03-29T04:55:00+00:00,134.91,2023-03-29T05:35:00+00:00,115.84,-572.1,7.78,-579.88,-14.328,8
455,2023-03-31T05:05:00+00:00,477.22,2023-03-31T05:10:00+00:00,461.01,-486.3,30.63,-516.93,-3.611,1
456,2023-04-03T04:50:00+00:00,445.34,2023-04-03T04:55:00+00:00,428.22,-513.6,28.14,-541.74,-4.055,1
457,2023-04-05T04:50:00+00:00,449.3,2023-04-05T04:55:00+00:00,430.48,-564.6,28.28,-592.88,-4.399,1
458,2023-04-06T05:15:00+00:00,586.91,2023-04-06T06:20:00+00:00,560.08,-804.9,38.45,-843.35,-4.79,13
459,2023-04-10T05:40:00+00:00,389.18,2023-04-10T06:10:00+00:00,370.37,-564.3,24.51,-588.81,-5.043,6
460,2023-04-11T04:55:00+00:00,490.29,2023-04-11T05:00:00+00:00,469.34,-628.5,31.13,-659.63,-4.485,1
461,2023-04-12T04:50:00+00:00,482.37,2023-04-12T09:50:00+00:00,573.5,2733.9,35.34,2698.56,18.648,60
462,2023-04-13T04:55:00+00:00,472.04,2023-04-13T05:15:00+00:00,450.47,-647.1,29.27,-676.37,-4.776,4
463,2023-04-17T04:50:00+00:00,367.52,2023-04-17T05:15:00+00:00,474.54,3210.6,28.41,3182.19,28.862,5
464,2023-04-18T05:00:00+00:00,353.89,2023-04-18T08:05:00+00:00,332.34,-646.5,21.82,-668.32,-6.295,37
465,2023-04-19T05:05:00+00:00,339.57,2023-04-19T05:10:00+00:00,318.85,-621.6,21.18,-642.78,-6.31,1
466,2023-04-20T04:50:00+00:00,318.53,2023-04-20T04:55:00+00:00,299.66,-566.1,20.25,-586.35,-6.136,1
467,2023-04-21T05:05:00+00:00,264.58,2023-04-21T05:10:00+00:00,245.36,-576.6,16.76,-593.36,-7.475,1
468,2023-04-24T05:05:00+00:00,180.68,2023-04-24T06:10:00+00:00,161.93,-562.5,10.9,-573.4,-10.579,13
469,2023-04-25T04:50:00+00:00,168.33,2023-04-25T04:55:00+00:00,146.99,-640.2,10.27,-650.47,-12.881,1
470,2023-04-26T04:50:00+00:00,92.85,2023-04-26T07:05:00+00:00,216.53,3710.4,11.13,3699.27,132.805,27
471,2023-04-27T05:15:00+00:00,109.34,2023-04-27T05:20:00+00:00,90.41,-567.9,6.61,-574.51,-17.514,1
472,2023-04-28T05:25:00+00:00,619.99,2023-04-28T05:50:00+00:00,593.39,-798.0,39.98,-837.98,-4.505,5
473,2023-05-02T04:55:00+00:00,440.36,2023-05-02T05:05:00+00:00,429.82,-316.2,28.06,-344.26,-2.606,2
474,2023-05-03T04:50:00+00:00,591.56,2023-05-03T05:45:00+00:00,581.91,-289.5,39.06,-328.56,-1.851,11
475,2023-05-04T05:10:00+00:00,599.1,2023-05-04T09:10:00+00:00,715.47,3491.1,44.31,3446.79,19.178,48
476,2023-05-05T04:55:00+00:00,539.27,2023-05-05T05:00:00+00:00,517.64,-648.9,34.37,-683.27,-4.223,1
477,2023-05-08T04:55:00+00:00,527.44,2023-05-08T05:00:00+00:00,506.67,-623.1,33.84,-656.94,-4.152,1
478,2023-05-09T04:50:00+00:00,544.08,2023-05-09T05:00:00+00:00,522.32,-652.8,34.59,-687.39,-4.211,2
479,2023-05-10T04:50:00+00:00,542.01,2023-05-10T05:10:00+00:00,655.53,3405.6,39.61,3365.99,20.701,4
480,2023-05-11T05:15:00+00:00,525.17,2023-05-11T05:25:00+00:00,502.82,-670.5,32.7,-703.2,-4.463,2
481,2023-05-12T04:50:00+00:00,476.85,2023-05-12T08:10:00+00:00,584.2,3220.5,35.46,3185.04,22.264,40
482,2023-05-15T05:00:00+00:00,324.22,2023-05-15T05:10:00+00:00,308.73,-464.7,20.59,-485.29,-4.989,2
483,2023-05-16T04:55:00+00:00,349.94,2023-05-16T05:30:00+00:00,331.32,-558.6,21.71,-580.31,-5.528,7
484,2023-05-17T04:55:00+00:00,293.44,2023-05-17T06:30:00+00:00,402.86,3282.6,24.05,3258.55,37.016,19
485,2023-05-18T04:50:00+00:00,358.96,2023-05-18T04:55:00+00:00,338.01,-628.5,22.07,-650.57,-6.041,1
486,2023-05-19T05:00:00+00:00,289.8,2023-05-19T05:05:00+00:00,272.31,-524.7,17.96,-542.66,-6.242,1
487,2023-05-22T04:55:00+00:00,209.65,2023-05-22T05:00:00+00:00,188.79,-625.8,13.19,-638.99,-10.16,1
488,2023-05-23T04:50:00+00:00,162.13,2023-05-23T04:55:00+00:00,150.24,-356.7,10.2,-366.9,-7.543,1
489,2023-05-24T04:50:00+00:00,133.17,2023-05-24T04:55:00+00:00,115.7,-524.1,7.74,-531.84,-13.312,1
490,2023-05-25T05:25:00+00:00,114.28,2023-05-25T05:35:00+00:00,95.5,-563.4,6.84,-570.24,-16.633,2
491,2023-05-26T04:50:00+00:00,492.93,2023-05-26T04:55:00+00:00,477.74,-455.7,31.38,-487.08,-3.294,1
492,2023-05-29T04:50:00+00:00,739.73,2023-05-29T08:50:00+00:00,728.42,-339.3,48.85,-388.15,-1.749,48
493,2023-05-30T04:50:00+00:00,522.47,2023-05-30T08:05:00+00:00,504.23,-547.2,32.67,-579.87,-3.7,39
494,2023-05-31T04:50:00+00:00,463.8,2023-05-31T05:30:00+00:00,455.8,-240.0,30.2,-270.2,-1.942,8
495,2023-06-01T04:50:00+00:00,472.69,2023-06-01T04:55:00+00:00,455.57,-513.6,30.4,-544.0,-3.836,1
496,2023-06-02T04:55:00+00:00,436.13,2023-06-02T05:00:00+00:00,419.36,-503.1,27.72,-530.82,-4.057,1
497,2023-06-05T04:50:00+00:00,601.61,2023-06-05T04:55:00+00:00,585.94,-470.1,39.38,-509.48,-2.823,1
498,2023-06-06T05:00:00+00:00,426.38,2023-06-06T06:25:00+00:00,410.27,-483.3,27.29,-510.59,-3.992,17
499,2023-06-07T04:50:00+00:00,415.18,2023-06-07T04:55:00+00:00,412.72,-73.8,27.09,-100.89,-0.81,1
500,2023-06-08T04:50:00+00:00,577.86,2023-06-08T04:55:00+00:00,556.5,-640.8,37.15,-677.95,-3.911,1
501,2023-06-09T05:00:00+00:00,363.59,2023-06-09T05:05:00+00:00,346.82,-503.1,23.38,-526.48,-4.827,1
502,2023-06-12T04:50:00+00:00,483.92,2023-06-12T05:15:00+00:00,471.31,-378.3,31.02,-409.32,-2.819,5
503,2023-06-13T04:50:00+00:00,362.42,2023-06-13T04:55:00+00:00,354.74,-230.4,23.53,-253.93,-2.336,1
504,2023-06-14T04:50:00+00:00,346.64,2023-06-14T05:00:00+00:00,327.88,-562.8,21.55,-584.35,-5.619,2
505,2023-06-15T04:50:00+00:00,434.4,2023-06-15T05:20:00+00:00,424.43,-299.1,27.8,-326.9,-2.508,6
506,2023-06-16T05:00:00+00:00,364.02,2023-06-16T05:20:00+00:00,346.05,-539.1,22.37,-561.47,-5.141,4
507,2023-06-19T04:50:00+00:00,283.59,2023-06-19T07:40:00+00:00,389.7,3183.3,22.52,3160.78,37.152,34
508,2023-06-20T04:55:00+00:00,254.08,2023-06-20T06:05:00+00:00,235.59,-554.7,15.29,-569.99,-7.478,14
509,2023-06-21T04:50:00+00:00,239.52,2023-06-21T04:55:00+00:00,231.31,-246.3,14.86,-261.16,-3.634,1
510,2023-06-22T04:50:00+00:00,240.38,2023-06-22T04:55:00+00:00,229.64,-322.2,14.84,-337.04,-4.674,1
511,2023-06-23T04:50:00+00:00,279.23,2023-06-23T05:15:00+00:00,258.5,-621.9,17.4,-639.3,-7.632,5
512,2023-06-26T05:05:00+00:00,148.84,2023-06-26T05:30:00+00:00,127.27,-647.1,8.37,-655.47,-14.68,5
513,2023-06-27T05:00:00+00:00,127.86,2023-06-27T05:05:00+00:00,113.19,-440.1,7.56,-447.66,-11.671,1
514,2023-06-28T04:55:00+00:00,105.87,2023-06-28T05:00:00+00:00,94.11,-352.8,6.61,-359.41,-11.316,1
515,2023-06-30T04:55:00+00:00,411.25,2023-06-30T05:10:00+00:00,397.98,-398.1,25.66,-423.76,-3.435,3
516,2023-07-03T05:05:00+00:00,461.48,2023-07-03T07:30:00+00:00,430.9,-917.4,28.57,-945.97,-6.833,29
517,2023-07-04T04:50:00+00:00,595.67,2023-07-04T06:35:00+00:00,712.74,3512.1,44.17,3467.93,19.406,21
518,2023-07-05T05:00:00+00:00,455.14,2023-07-05T05:15:00+00:00,435.04,-603.0,28.52,-631.52,-4.625,3
519,2023-07-06T04:50:00+00:00,423.42,2023-07-06T04:55:00+00:00,408.07,-460.5,27.17,-487.67,-3.839,1
520,2023-07-07T04:50:00+00:00,441.41,2023-07-07T05:20:00+00:00,542.68,3038.1,32.69,3005.41,22.696,6
521,2023-07-10T04:50:00+00:00,403.6,2023-07-10T06:05:00+00:00,504.55,3028.5,29.94,2998.56,24.765,15
522,2023-07-11T05:10:00+00:00,514.0,2023-07-11T07:55:00+00:00,493.75,-607.5,32.23,-639.73,-4.149,33
523,2023-07-12T04:50:00+00:00,332.71,2023-07-12T05:00:00+00:00,316.04,-500.1,20.96,-521.06,-5.22,2
524,2023-07-13T04:50:00+00:00,312.48,2023-07-13T04:55:00+00:00,300.96,-345.6,20.14,-365.74,-3.901,1
525,2023-07-14T04:50:00+00:00,298.13,2023-07-14T09:35:00+00:00,279.0,-573.9,18.31,-592.21,-6.621,57
526,2023-07-17T04:50:00+00:00,352.21,2023-07-17T04:55:00+00:00,333.49,-561.6,21.81,-583.41,-5.521,1
527,2023-07-18T04:50:00+00:00,395.99,2023-07-18T05:00:00+00:00,376.17,-594.6,24.8,-619.4,-5.214,2
528,2023-07-19T04:50:00+00:00,348.21,2023-07-19T05:10:00+00:00,330.17,-541.2,21.64,-562.84,-5.388,4
529,2023-07-20T04:50:00+00:00,339.42,2023-07-20T05:35:00+00:00,325.56,-415.8,21.33,-437.13,-4.293,9
530,2023-07-21T04:55:00+00:00,266.52,2023-07-21T05:35:00+00:00,250.23,-488.7,16.91,-505.61,-6.324,8
531,2023-07-24T05:00:00+00:00,187.4,2023-07-24T05:20:00+00:00,167.75,-589.5,11.19,-600.69,-10.685,4
532,2023-07-25T04:50:00+00:00,114.34,2023-07-25T04:55:00+00:00,106.38,-238.8,7.09,-245.89,-7.168,1
533,2023-07-26T05:00:00+00:00,88.33,2023-07-26T05:10:00+00:00,72.09,-487.2,4.7,-491.9,-18.563,2
534,2023-07-27T04:50:00+00:00,94.19,2023-07-27T05:00:00+00:00,80.47,-411.6,6.03,-417.63,-14.78,2
535,2023-07-28T04:50:00+00:00,750.96,2023-07-28T05:45:00+00:00,728.62,-670.2,49.11,-719.31,-3.193,11
536,2023-07-31T04:55:00+00:00,703.27,2023-07-31T05:00:00+00:00,685.37,-537.0,46.02,-583.02,-2.763,1
537,2023-08-01T04:55:00+00:00,434.6,2023-08-01T06:55:00+00:00,524.74,2704.2,32.12,2672.08,20.495,24
538,2023-08-02T04:50:00+00:00,453.15,2023-08-02T05:30:00+00:00,569.17,3480.6,34.57,3446.03,25.349,8
539,2023-08-03T05:05:00+00:00,480.0,2023-08-03T05:25:00+00:00,455.95,-721.5,30.58,-752.08,-5.223,4
540,2023-08-04T04:50:00+00:00,616.59,2023-08-04T05:05:00+00:00,598.41,-545.4,40.01,-585.41,-3.165,3
541,2023-08-07T04:55:00+00:00,643.92,2023-08-07T05:05:00+00:00,628.98,-448.2,42.35,-490.55,-2.539,2
542,2023-08-08T04:55:00+00:00,593.62,2023-08-08T05:45:00+00:00,577.43,-485.7,39.0,-524.7,-2.946,10
543,2023-08-09T04:50:00+00:00,437.54,2023-08-09T09:05:00+00:00,401.36,-1085.4,27.34,-1112.74,-8.477,51
544,2023-08-10T04:55:00+00:00,402.54,2023-08-10T05:00:00+00:00,499.67,2913.9,29.8,2884.1,23.883,1
545,2023-08-11T04:50:00+00:00,538.87,2023-08-11T05:30:00+00:00,524.95,-417.6,34.53,-452.13,-2.797,8
546,2023-08-14T05:30:00+00:00,546.45,2023-08-14T08:40:00+00:00,664.41,3538.8,39.92,3498.88,21.343,38
547,2023-08-16T04:50:00+00:00,490.29,2023-08-16T04:55:00+00:00,471.9,-551.7,31.18,-582.88,-3.963,1
548,2023-08-17T05:00:00+00:00,392.1,2023-08-17T05:05:00+00:00,376.64,-463.8,24.72,-488.52,-4.153,1
549,2023-08-18T04:50:00+00:00,478.92,2023-08-18T05:00:00+00:00,465.23,-410.7,30.77,-441.47,-3.073,2
550,2023-08-21T04:50:00+00:00,407.15,2023-08-21T09:50:00+00:00,420.86,411.3,27.09,384.21,3.146,60
551,2023-08-22T04:50:00+00:00,366.41,2023-08-22T04:55:00+00:00,354.27,-364.2,23.62,-387.82,-3.528,1
552,2023-08-23T04:55:00+00:00,288.49,2023-08-23T05:00:00+00:00,272.87,-468.6,17.94,-486.54,-5.622,1
553,2023-08-24T05:00:00+00:00,242.6,2023-08-24T06:25:00+00:00,348.71,3183.3,20.63,3162.67,43.455,17
554,2023-08-25T04:55:00+00:00,245.14,2023-08-25T05:00:00+00:00,354.33,3275.7,20.82,3254.88,44.259,1
555,2023-08-28T05:00:00+00:00,217.52,2023-08-28T05:10:00+00:00,202.85,-440.1,13.69,-453.79,-6.954,2
556,2023-08-29T04:50:00+00:00,155.29,2023-08-29T05:00:00+00:00,144.05,-337.2,9.9,-347.1,-7.451,2
557,2023-08-30T04:50:00+00:00,120.14,2023-08-30T09:00:00+00:00,251.72,3947.4,13.57,3933.83,109.146,50
558,2023-08-31T05:00:00+00:00,88.81,2023-08-31T07:40:00+00:00,205.49,3500.4,10.79,3489.61,130.977,32
559,2023-09-01T04:50:00+00:00,681.1,2023-09-01T05:35:00+00:00,797.34,3487.2,50.09,3437.11,16.821,9
560,2023-09-04T05:05:00+00:00,425.12,2023-09-04T05:20:00+00:00,404.83,-608.7,27.14,-635.84,-4.986,3
561,2023-09-05T04:50:00+00:00,387.53,2023-09-05T04:55:00+00:00,378.83,-261.0,24.67,-285.67,-2.457,1
562,2023-09-06T04:50:00+00:00,561.91,2023-09-06T05:40:00+00:00,540.72,-635.7,36.42,-672.12,-3.987,10
563,2023-09-07T05:10:00+00:00,554.26,2023-09-07T06:05:00+00:00,531.47,-683.7,35.03,-718.73,-4.322,11
564,2023-09-08T04:50:00+00:00,381.85,2023-09-08T04:55:00+00:00,366.48,-461.1,24.25,-485.35,-4.237,1
565,2023-09-11T05:00:00+00:00,389.24,2023-09-11T05:15:00+00:00,372.36,-506.4,24.56,-530.96,-4.547,3
566,2023-09-12T04:50:00+00:00,406.11,2023-09-12T05:15:00+00:00,384.03,-662.4,25.22,-687.62,-5.644,5
567,2023-09-13T04:50:00+00:00,356.22,2023-09-13T04:55:00+00:00,341.22,-450.0,22.08,-472.08,-4.417,1
568,2023-09-14T05:00:00+00:00,498.11,2023-09-14T05:10:00+00:00,476.52,-647.7,31.47,-679.17,-4.545,2
569,2023-09-15T04:55:00+00:00,343.28,2023-09-15T05:00:00+00:00,333.71,-287.1,21.61,-308.71,-2.998,1
570,2023-09-18T04:50:00+00:00,287.0,2023-09-18T05:40:00+00:00,270.4,-498.0,17.85,-515.85,-5.991,10
571,2023-09-20T05:00:00+00:00,254.86,2023-09-20T05:10:00+00:00,239.48,-461.4,15.4,-476.8,-6.236,2
572,2023-09-21T04:50:00+00:00,327.11,2023-09-21T05:00:00+00:00,306.9,-606.3,20.62,-626.92,-6.388,2
573,2023-09-22T04:55:00+00:00,268.8,2023-09-22T05:10:00+00:00,386.43,3528.9,22.11,3506.79,43.487,3
574,2023-09-25T06:25:00+00:00,169.39,2023-09-25T07:00:00+00:00,284.42,3450.9,15.46,3435.44,67.604,7
575,2023-09-26T05:00:00+00:00,150.79,2023-09-26T05:45:00+00:00,131.69,-573.0,8.51,-581.51,-12.855,9
576,2023-09-27T05:15:00+00:00,106.79,2023-09-27T07:40:00+00:00,234.09,3819.0,11.86,3807.14,118.836,29
577,2023-09-28T04:55:00+00:00,133.56,2023-09-28T05:40:00+00:00,271.18,4128.6,14.33,4114.27,102.682,9
578,2023-09-29T04:50:00+00:00,691.31,2023-09-29T04:55:00+00:00,675.42,-476.7,45.51,-522.21,-2.518,1
579,2023-10-03T05:05:00+00:00,439.14,2023-10-03T06:00:00+00:00,421.04,-543.0,27.83,-570.83,-4.333,11
580,2023-10-04T04:55:00+00:00,579.45,2023-10-04T06:15:00+00:00,561.32,-543.9,38.3,-582.2,-3.349,16
581,2023-10-05T04:50:00+00:00,405.82,2023-10-05T05:15:00+00:00,387.42,-552.0,25.29,-577.29,-4.742,5
582,2023-10-06T05:05:00+00:00,497.55,2023-10-06T05:50:00+00:00,476.71,-625.2,31.46,-656.66,-4.399,9
583,2023-10-09T05:10:00+00:00,360.66,2023-10-09T09:50:00+00:00,431.82,2134.8,26.27,2108.53,19.488,56
584,2023-10-10T04:50:00+00:00,465.19,2023-10-10T05:00:00+00:00,453.77,-342.6,30.19,-372.79,-2.671,2
585,2023-10-11T04:50:00+00:00,443.38,2023-10-11T05:20:00+00:00,423.69,-590.7,27.99,-618.69,-4.651,6
586,2023-10-12T05:05:00+00:00,316.66,2023-10-12T05:20:00+00:00,301.71,-448.5,20.26,-468.76,-4.934,3
587,2023-10-13T04:50:00+00:00,290.33,2023-10-13T05:00:00+00:00,281.55,-263.4,18.19,-281.59,-3.233,2
588,2023-10-16T04:50:00+00:00,371.66,2023-10-16T05:40:00+00:00,352.85,-564.3,23.7,-588.0,-5.274,10
589,2023-10-17T04:50:00+00:00,319.82,2023-10-17T08:05:00+00:00,309.61,-306.3,20.51,-326.81,-3.406,39
590,2023-10-18T05:00:00+00:00,226.69,2023-10-18T05:15:00+00:00,326.86,3005.1,18.76,2986.34,43.912,3
591,2023-10-19T05:05:00+00:00,234.47,2023-10-19T05:15:00+00:00,216.95,-525.6,14.41,-540.01,-7.677,2
592,2023-10-20T04:50:00+00:00,217.29,2023-10-20T05:35:00+00:00,201.01,-488.4,13.64,-502.04,-7.702,9
593,2023-10-23T05:20:00+00:00,128.04,2023-10-23T05:25:00+00:00,111.69,-490.5,7.53,-498.03,-12.965,1
594,2023-10-25T05:05:00+00:00,82.64,2023-10-25T05:10:00+00:00,67.05,-467.7,4.45,-472.15,-19.044,1
595,2023-10-26T04:55:00+00:00,85.2,2023-10-26T05:45:00+00:00,199.22,3420.6,10.56,3410.04,133.413,10
596,2023-10-27T05:35:00+00:00,713.03,2023-10-27T05:40:00+00:00,692.59,-613.2,46.41,-659.61,-3.084,1
597,2023-10-30T04:50:00+00:00,680.95,2023-10-30T05:15:00+00:00,794.87,3417.6,50.03,3367.57,16.485,5
598,2023-10-31T04:55:00+00:00,483.86,2023-10-31T05:05:00+00:00,462.93,-627.9,30.83,-658.73,-4.538,2
599,2023-11-01T05:00:00+00:00,714.03,2023-11-01T05:05:00+00:00,690.76,-698.1,46.39,-744.49,-3.476,1
600,2023-11-02T05:25:00+00:00,451.5,2023-11-02T06:15:00+00:00,547.01,2865.3,33.02,2832.28,20.91,10
601,2023-11-03T05:30:00+00:00,604.4,2023-11-03T05:35:00+00:00,581.5,-687.0,39.34,-726.34,-4.006,1
602,2023-11-06T04:50:00+00:00,613.93,2023-11-06T05:05:00+00:00,596.54,-521.7,39.91,-561.61,-3.049,3
603,2023-11-07T04:50:00+00:00,606.72,2023-11-07T06:10:00+00:00,586.28,-613.2,39.51,-652.71,-3.586,16
604,2023-11-08T04:55:00+00:00,562.3,2023-11-08T05:00:00+00:00,540.24,-661.8,36.42,-698.22,-4.139,1
605,2023-11-09T04:50:00+00:00,578.32,2023-11-09T04:55:00+00:00,561.3,-510.6,38.28,-548.88,-3.164,1
606,2023-11-10T04:50:00+00:00,544.71,2023-11-10T09:45:00+00:00,663.6,3566.7,39.86,3526.84,21.582,59
607,2023-11-13T04:50:00+00:00,388.4,2023-11-13T05:25:00+00:00,380.05,-250.5,24.72,-275.22,-2.362,7
608,2023-11-15T04:50:00+00:00,326.44,2023-11-15T09:50:00+00:00,331.11,140.1,21.16,118.94,1.215,60
609,2023-11-16T04:55:00+00:00,434.35,2023-11-16T09:35:00+00:00,426.13,-246.6,27.84,-274.44,-2.106,56
610,2023-11-17T04:50:00+00:00,358.83,2023-11-17T04:55:00+00:00,335.94,-686.7,22.02,-708.72,-6.584,1
611,2023-11-20T04:50:00+00:00,398.53,2023-11-20T05:35:00+00:00,388.58,-298.5,25.15,-323.65,-2.707,9
612,2023-11-21T04:50:00+00:00,383.13,2023-11-21T05:20:00+00:00,369.27,-415.8,24.35,-440.15,-3.829,6
613,2023-11-22T04:55:00+00:00,269.44,2023-11-22T05:15:00+00:00,259.96,-284.4,17.21,-301.61,-3.731,4
614,2023-11-23T04:50:00+00:00,271.54,2023-11-23T04:55:00+00:00,253.88,-529.8,17.11,-546.91,-6.714,1
615,2023-11-24T05:10:00+00:00,292.08,2023-11-24T07:40:00+00:00,276.96,-453.6,18.12,-471.72,-5.383,30
616,2023-11-28T05:25:00+00:00,175.32,2023-11-28T09:50:00+00:00,235.65,1809.9,13.48,1796.42,34.155,53
617,2023-11-29T04:50:00+00:00,112.58,2023-11-29T05:40:00+00:00,94.77,-534.3,6.78,-541.08,-16.021,10
618,2023-11-30T04:55:00+00:00,130.17,2023-11-30T05:00:00+00:00,111.05,-573.6,7.56,-581.16,-14.882,1
619,2023-12-01T06:00:00+00:00,744.21,2023-12-01T06:35:00+00:00,722.02,-665.7,48.81,-714.51,-3.2,7
620,2023-12-04T04:50:00+00:00,636.01,2023-12-04T05:05:00+00:00,629.17,-205.2,42.17,-247.37,-1.296,3
621,2023-12-05T04:50:00+00:00,759.96,2023-12-05T05:00:00+00:00,746.54,-402.6,49.73,-452.33,-1.984,2
622,2023-12-06T04:50:00+00:00,714.1,2023-12-06T04:55:00+00:00,692.16,-658.2,46.42,-704.62,-3.289,1
623,2023-12-07T04:55:00+00:00,704.77,2023-12-07T05:00:00+00:00,683.64,-633.9,46.01,-679.91,-3.216,1
624,2023-12-08T05:00:00+00:00,676.65,2023-12-08T05:05:00+00:00,655.05,-648.0,43.7,-691.7,-3.407,1
625,2023-12-11T04:55:00+00:00,583.01,2023-12-11T05:00:00+00:00,561.67,-640.2,38.39,-678.59,-3.88,1
626,2023-12-12T04:50:00+00:00,456.59,2023-12-12T04:55:00+00:00,436.77,-594.6,28.6,-623.2,-4.55,1
627,2023-12-13T04:55:00+00:00,404.2,2023-12-13T05:00:00+00:00,386.62,-527.4,25.23,-552.63,-4.557,1
628,2023-12-14T04:50:00+00:00,402.22,2023-12-14T05:00:00+00:00,383.13,-572.7,25.11,-597.81,-4.954,2
629,2023-12-15T04:55:00+00:00,520.56,2023-12-15T05:10:00+00:00,509.9,-319.8,33.76,-353.56,-2.264,3
630,2023-12-18T04:55:00+00:00,492.13,2023-12-18T05:05:00+00:00,469.93,-666.0,31.18,-697.18,-4.722,2
631,2023-12-19T04:50:00+00:00,454.1,2023-12-19T06:20:00+00:00,574.48,3611.4,34.71,3576.69,26.255,18
632,2023-12-20T04:50:00+00:00,447.36,2023-12-20T04:55:00+00:00,426.29,-632.1,28.14,-660.24,-4.92,1
633,2023-12-21T04:50:00+00:00,390.46,2023-12-21T04:55:00+00:00,371.15,-579.3,24.56,-603.86,-5.155,1
634,2023-12-22T04:55:00+00:00,326.67,2023-12-22T05:00:00+00:00,309.33,-520.2,20.66,-540.86,-5.519,1
635,2023-12-26T04:50:00+00:00,217.9,2023-12-26T06:55:00+00:00,337.99,3602.7,18.82,3583.88,54.825,25
636,2023-12-27T04:55:00+00:00,156.92,2023-12-27T06:30:00+00:00,279.52,3678.0,15.06,3662.94,77.809,19
637,2023-12-28T05:40:00+00:00,171.0,2023-12-28T06:25:00+00:00,150.26,-622.2,10.41,-632.61,-12.332,9
638,2023-12-29T04:50:00+00:00,895.76,2023-12-29T04:55:00+00:00,876.21,-586.5,57.85,-644.35,-2.398,1
639,2024-01-01T04:55:00+00:00,604.59,2024-01-01T05:00:00+00:00,588.6,-479.7,39.51,-519.21,-2.863,1
640,2024-01-02T04:55:00+00:00,611.14,2024-01-02T06:05:00+00:00,592.57,-557.1,39.75,-596.85,-3.255,14
641,2024-01-03T04:50:00+00:00,567.86,2024-01-03T04:55:00+00:00,549.5,-550.8,36.76,-587.56,-3.449,1
642,2024-01-04T05:35:00+00:00,744.53,2024-01-04T09:50:00+00:00,847.43,3087.0,53.7,3033.3,13.58,51
643,2024-01-05T04:50:00+00:00,513.5,2024-01-05T05:45:00+00:00,611.42,2937.6,36.94,2900.66,18.829,11
644,2024-01-08T04:50:00+00:00,458.77,2024-01-08T04:55:00+00:00,440.9,-536.1,28.74,-564.84,-4.104,1
645,2024-01-09T04:50:00+00:00,582.3,2024-01-09T08:35:00+00:00,566.83,-464.1,38.49,-502.59,-2.877,45
646,2024-01-10T04:50:00+00:00,561.14,2024-01-10T04:55:00+00:00,540.88,-607.8,36.41,-644.21,-3.827,1
647,2024-01-11T05:00:00+00:00,560.64,2024-01-11T05:05:00+00:00,536.47,-725.1,36.29,-761.39,-4.527,1
648,2024-01-12T05:00:00+00:00,537.28,2024-01-12T06:35:00+00:00,525.83,-343.5,34.51,-378.01,-2.345,19
649,2024-01-15T05:00:00+00:00,483.02,2024-01-15T06:05:00+00:00,462.6,-612.6,30.8,-643.4,-4.44,13
650,2024-01-16T04:55:00+00:00,382.52,2024-01-16T05:00:00+00:00,363.57,-568.5,24.2,-592.7,-5.165,1
651,2024-01-17T04:55:00+00:00,337.68,2024-01-17T05:05:00+00:00,438.78,3033.0,25.9,3007.1,29.684,2
652,2024-01-18T05:05:00+00:00,332.29,2024-01-18T05:10:00+00:00,312.86,-582.9,20.87,-603.77,-6.057,1
653,2024-01-19T05:00:00+00:00,347.96,2024-01-19T05:25:00+00:00,329.68,-548.4,21.62,-570.02,-5.461,5
654,2024-01-20T04:55:00+00:00,340.99,2024-01-20T05:05:00+00:00,320.27,-621.6,21.25,-642.85,-6.284,2
655,2024-01-23T04:55:00+00:00,194.46,2024-01-23T05:10:00+00:00,323.07,3858.3,17.93,3840.37,65.83,3
656,2024-01-24T04:50:00+00:00,130.27,2024-01-24T05:10:00+00:00,111.63,-559.2,7.58,-566.78,-14.503,4
657,2024-01-25T04:50:00+00:00,122.66,2024-01-25T04:55:00+00:00,104.94,-531.6,7.25,-538.85,-14.643,1
658,2024-01-29T04:50:00+00:00,911.24,2024-01-29T05:20:00+00:00,893.08,-544.8,59.6,-604.4,-2.211,6
659,2024-01-30T04:55:00+00:00,974.39,2024-01-30T05:00:00+00:00,948.14,-787.5,63.33,-850.83,-2.911,1
660,2024-01-31T05:05:00+00:00,972.75,2024-01-31T05:10:00+00:00,949.34,-702.3,63.32,-765.62,-2.624,1
661,2024-02-01T05:00:00+00:00,888.98,2024-02-01T05:25:00+00:00,870.54,-553.2,57.57,-610.77,-2.29,5
662,2024-02-02T04:50:00+00:00,641.87,2024-02-02T05:40:00+00:00,619.9,-659.1,42.09,-701.19,-3.641,10
663,2024-02-05T04:50:00+00:00,649.39,2024-02-05T04:55:00+00:00,634.3,-452.7,42.6,-495.3,-2.542,1
664,2024-02-06T04:50:00+00:00,624.78,2024-02-06T06:05:00+00:00,608.85,-477.9,40.44,-518.34,-2.765,15
665,2024-02-07T05:05:00+00:00,639.8,2024-02-07T06:05:00+00:00,743.65,3115.5,46.9,3068.6,15.987,12
666,2024-02-08T05:10:00+00:00,787.25,2024-02-08T05:15:00+00:00,761.74,-765.3,50.71,-816.01,-3.455,1
667,2024-02-09T04:50:00+00:00,606.03,2024-02-09T05:35:00+00:00,711.16,3153.9,44.37,3109.53,17.103,9
668,2024-02-12T04:55:00+00:00,571.28,2024-02-12T05:35:00+00:00,548.61,-680.1,36.82,-716.92,-4.183,8
669,2024-02-13T04:55:00+00:00,527.48,2024-02-13T05:00:00+00:00,512.75,-441.9,33.98,-475.88,-3.007,1
670,2024-02-14T04:50:00+00:00,657.23,2024-02-14T04:55:00+00:00,637.42,-594.3,42.85,-637.15,-3.231,1
671,2024-02-15T04:50:00+00:00,594.71,2024-02-15T05:05:00+00:00,574.94,-593.1,38.97,-632.07,-3.543,3
672,2024-02-16T04:55:00+00:00,496.42,2024-02-16T05:00:00+00:00,477.61,-564.3,31.46,-595.76,-4.0,1
673,2024-02-19T04:50:00+00:00,433.86,2024-02-19T04:55:00+00:00,420.34,-405.6,27.69,-433.29,-3.329,1
674,2024-02-20T04:50:00+00:00,511.51,2024-02-20T04:55:00+00:00,491.84,-590.1,32.13,-622.23,-4.055,1
675,2024-02-21T04:50:00+00:00,395.72,2024-02-21T04:55:00+00:00,376.65,-572.1,24.81,-596.91,-5.028,1
676,2024-02-22T04:55:00+00:00,383.13,2024-02-22T08:05:00+00:00,348.6,-1035.9,23.87,-1059.77,-9.22,38
677,2024-02-23T04:50:00+00:00,401.61,2024-02-23T04:55:00+00:00,381.44,-605.1,25.05,-630.15,-5.23,1
678,2024-02-26T04:55:00+00:00,260.9,2024-02-26T05:00:00+00:00,241.21,-590.7,16.58,-607.28,-7.759,1
679,2024-02-27T04:55:00+00:00,227.48,2024-02-27T05:00:00+00:00,207.35,-603.9,14.03,-617.93,-9.055,1
680,2024-02-28T04:55:00+00:00,179.7,2024-02-28T05:00:00+00:00,158.33,-641.1,10.79,-651.89,-12.092,1
681,2024-02-29T04:55:00+00:00,153.37,2024-02-29T05:00:00+00:00,134.55,-564.6,9.64,-574.24,-12.48,1
682,2024-03-01T05:10:00+00:00,906.56,2024-03-01T05:55:00+00:00,1025.16,3558.0,64.54,3493.46,12.845,9
683,2024-03-02T06:20:00+00:00,658.52,2024-03-02T06:30:00+00:00,645.99,-375.9,43.08,-418.98,-2.121,2
684,2024-03-04T04:55:00+00:00,817.34,2024-03-04T05:15:00+00:00,791.87,-764.1,53.1,-817.2,-3.333,4
685,2024-03-05T04:55:00+00:00,614.61,2024-03-05T05:00:00+00:00,602.29,-369.6,40.06,-409.66,-2.222,1
686,2024-03-06T04:50:00+00:00,783.17,2024-03-06T04:55:00+00:00,762.75,-612.6,50.64,-663.24,-2.823,1
687,2024-03-07T04:50:00+00:00,731.77,2024-03-07T04:55:00+00:00,709.64,-663.9,47.23,-711.13,-3.239,1
688,2024-03-11T04:50:00+00:00,682.09,2024-03-11T05:15:00+00:00,659.7,-671.7,43.94,-715.64,-3.497,5
689,2024-03-12T05:05:00+00:00,476.59,2024-03-12T05:10:00+00:00,571.79,2856.0,35.17,2820.83,19.729,1
690,2024-03-13T05:35:00+00:00,446.58,2024-03-13T05:55:00+00:00,552.48,3177.0,33.03,3143.97,23.467,4
691,2024-03-14T04:55:00+00:00,579.6,2024-03-14T05:00:00+00:00,557.29,-669.3,37.21,-706.51,-4.063,1
692,2024-03-15T04:50:00+00:00,439.16,2024-03-15T05:15:00+00:00,415.92,-697.2,27.71,-724.91,-5.502,5
693,2024-03-18T04:50:00+00:00,460.87,2024-03-18T05:05:00+00:00,438.28,-677.7,28.73,-706.43,-5.109,3
694,2024-03-19T04:55:00+00:00,393.9,2024-03-19T05:00:00+00:00,372.19,-651.3,24.66,-675.96,-5.72,1
695,2024-03-20T05:05:00+00:00,353.65,2024-03-20T05:10:00+00:00,456.47,3084.6,27.68,3056.92,28.813,1
696,2024-03-21T05:00:00+00:00,284.82,2024-03-21T05:05:00+00:00,265.41,-582.3,17.69,-599.99,-7.022,1
697,2024-03-22T05:10:00+00:00,339.85,2024-03-22T05:15:00+00:00,319.81,-601.2,21.21,-622.41,-6.105,1
698,2024-03-26T05:00:00+00:00,164.49,2024-03-26T05:30:00+00:00,145.17,-579.6,10.14,-589.74,-11.951,6
699,2024-03-27T04:55:00+00:00,144.01,2024-03-27T05:00:00+00:00,122.75,-637.8,8.15,-645.95,-14.952,1
700,2024-03-28T04:50:00+00:00,133.22,2024-03-28T08:40:00+00:00,263.67,3913.5,14.15,3899.35,97.567,46
701,2024-04-01T05:05:00+00:00,687.84,2024-04-01T05:15:00+00:00,669.95,-536.7,45.31,-582.01,-2.82,2
702,2024-04-02T05:10:00+00:00,490.97,2024-04-02T05:15:00+00:00,472.69,-548.4,31.22,-579.62,-3.935,1
703,2024-04-03T05:55:00+00:00,645.64,2024-04-03T09:50:00+00:00,707.63,1859.7,45.2,1814.5,9.368,47
704,2024-04-04T05:25:00+00:00,427.04,2024-04-04T05:30:00+00:00,411.07,-479.1,27.32,-506.42,-3.953,1
705,2024-04-05T04:55:00+00:00,616.2,2024-04-05T08:30:00+00:00,734.28,3542.4,46.14,3496.26,18.913,43
706,2024-04-08T05:35:00+00:00,581.67,2024-04-08T07:55:00+00:00,555.86,-774.3,37.23,-811.53,-4.651,28
707,2024-04-09T05:05:00+00:00,556.5,2024-04-09T07:05:00+00:00,543.56,-388.2,36.36,-424.56,-2.543,24
708,2024-04-10T05:15:00+00:00,519.45,2024-04-10T05:45:00+00:00,499.44,-600.3,32.49,-632.79,-4.061,6
709,2024-04-12T04:55:00+00:00,357.75,2024-04-12T05:00:00+00:00,338.31,-583.2,22.05,-605.25,-5.639,1
710,2024-04-15T04:50:00+00:00,435.51,2024-04-15T04:55:00+00:00,414.45,-631.8,27.6,-659.4,-5.047,1
711,2024-04-16T04:50:00+00:00,335.37,2024-04-16T05:20:00+00:00,312.75,-678.6,20.94,-699.54,-6.953,6
712,2024-04-18T04:50:00+00:00,314.92,2024-04-18T05:05:00+00:00,292.48,-673.2,19.0,-692.2,-7.327,3
713,2024-04-19T04:55:00+00:00,291.56,2024-04-19T05:00:00+00:00,270.16,-642.0,17.95,-659.95,-7.545,1
714,2024-04-22T04:55:00+00:00,208.14,2024-04-22T05:10:00+00:00,189.76,-551.4,13.17,-564.57,-9.042,3
715,2024-04-23T05:00:00+00:00,137.39,2024-04-23T06:40:00+00:00,116.91,-614.4,7.86,-622.26,-15.097,20
716,2024-04-24T04:50:00+00:00,115.49,2024-04-24T05:25:00+00:00,100.41,-452.4,6.98,-459.38,-13.259,7
717,2024-04-25T05:25:00+00:00,97.53,2024-04-25T05:30:00+00:00,80.09,-523.2,6.1,-529.3,-18.09,1
718,2024-04-26T04:50:00+00:00,804.26,2024-04-26T04:55:00+00:00,784.97,-578.7,52.64,-631.34,-2.617,1
719,2024-04-29T04:50:00+00:00,803.71,2024-04-29T06:10:00+00:00,924.87,3634.8,57.85,3576.95,14.835,16
720,2024-04-30T05:00:00+00:00,858.46,2024-04-30T05:10:00+00:00,838.01,-613.5,56.11,-669.61,-2.6,2
721,2024-05-02T04:50:00+00:00,612.15,2024-05-02T05:35:00+00:00,703.28,2733.9,44.33,2689.57,14.645,9
722,2024-05-03T04:55:00+00:00,652.54,2024-05-03T05:00:00+00:00,623.72,-864.6,42.43,-907.03,-4.633,1
723,2024-05-06T05:00:00+00:00,932.42,2024-05-06T05:05:00+00:00,902.26,-904.8,60.3,-965.1,-3.45,1
724,2024-05-07T04:50:00+00:00,723.56,2024-05-07T05:45:00+00:00,824.35,3023.7,51.69,2972.01,13.692,11
725,2024-05-08T04:55:00+00:00,706.62,2024-05-08T05:25:00+00:00,682.8,-714.6,46.03,-760.63,-3.588,6
726,2024-05-09T04:50:00+00:00,732.2,2024-05-09T05:35:00+00:00,829.74,2926.2,53.01,2873.19,13.08,9
727,2024-05-10T04:55:00+00:00,725.76,2024-05-10T05:05:00+00:00,706.3,-583.8,47.02,-630.82,-2.897,2
728,2024-05-13T04:50:00+00:00,805.51,2024-05-13T05:20:00+00:00,781.9,-708.3,52.6,-760.9,-3.149,6
729,2024-05-14T04:50:00+00:00,903.73,2024-05-14T04:55:00+00:00,879.3,-732.9,58.11,-791.01,-2.918,1
730,2024-05-15T04:50:00+00:00,848.19,2024-05-15T04:55:00+00:00,828.32,-596.1,55.65,-651.75,-2.561,1
731,2024-05-16T04:50:00+00:00,727.43,2024-05-16T05:15:00+00:00,828.4,3029.1,52.87,2976.23,13.638,5
732,2024-05-17T05:00:00+00:00,761.01,2024-05-17T08:00:00+00:00,725.05,-1078.8,49.26,-1128.06,-4.941,36
733,2024-05-18T06:45:00+00:00,766.91,2024-05-18T06:55:00+00:00,773.91,210.0,51.53,158.47,0.689,2
734,2024-05-21T04:55:00+00:00,684.28,2024-05-21T05:00:00+00:00,667.15,-513.9,45.16,-559.06,-2.723,1
735,2024-05-22T05:00:00+00:00,556.25,2024-05-22T08:30:00+00:00,527.55,-861.0,35.99,-896.99,-5.375,42
736,2024-05-23T04:50:00+00:00,607.86,2024-05-23T06:25:00+00:00,723.7,3475.2,45.7,3429.5,18.806,19
737,2024-05-24T04:50:00+00:00,588.91,2024-05-24T07:30:00+00:00,693.36,3133.5,43.56,3089.94,17.49,32
738,2024-05-27T04:55:00+00:00,409.02,2024-05-27T06:25:00+00:00,514.66,3169.2,31.3,3137.9,25.573,18
739,2024-05-28T04:50:00+00:00,368.23,2024-05-28T05:15:00+00:00,348.97,-577.8,23.54,-601.34,-5.444,5
740,2024-05-29T04:50:00+00:00,262.13,2024-05-29T09:15:00+00:00,372.07,3298.2,21.62,3276.58,41.666,53
741,2024-05-30T04:55:00+00:00,267.01,2024-05-30T05:00:00+00:00,243.73,-698.4,16.78,-715.18,-8.928,1
742,2024-05-31T04:55:00+00:00,1093.04,2024-05-31T05:00:00+00:00,1072.31,-621.9,70.92,-692.82,-2.113,1
743,2024-06-03T05:00:00+00:00,1107.27,2024-06-03T05:05:00+00:00,1089.52,-532.5,71.65,-604.15,-1.819,1
744,2024-06-04T04:50:00+00:00,1106.92,2024-06-04T04:55:00+00:00,1103.64,-98.4,72.97,-171.37,-0.516,1
745,2024-06-05T04:50:00+00:00,820.66,2024-06-05T04:55:00+00:00,906.56,2577.0,57.82,2519.18,10.232,1
746,2024-06-06T04:50:00+00:00,917.4,2024-06-06T05:10:00+00:00,1018.32,3027.6,64.63,2962.97,10.766,4
747,2024-06-07T04:50:00+00:00,665.88,2024-06-07T04:55:00+00:00,647.13,-562.5,43.27,-605.77,-3.032,1
748,2024-06-10T05:10:00+00:00,634.24,2024-06-10T05:15:00+00:00,616.31,-537.9,41.83,-579.73,-3.047,1
749,2024-06-11T05:05:00+00:00,714.76,2024-06-11T05:10:00+00:00,692.89,-656.1,46.45,-702.55,-3.276,1
750,2024-06-12T04:50:00+00:00,517.39,2024-06-12T04:55:00+00:00,499.41,-539.4,32.44,-571.84,-3.684,1
751,2024-06-13T04:50:00+00:00,489.1,2024-06-13T06:20:00+00:00,463.49,-768.3,30.96,-799.26,-5.447,18
752,2024-06-14T04:50:00+00:00,536.56,2024-06-14T05:00:00+00:00,516.59,-599.1,34.28,-633.38,-3.935,2
753,2024-06-18T04:50:00+00:00,359.16,2024-06-18T05:00:00+00:00,339.79,-581.1,22.12,-603.22,-5.598,2
754,2024-06-19T04:55:00+00:00,387.36,2024-06-19T05:00:00+00:00,487.57,3006.3,29.17,2977.13,25.619,1
755,2024-06-20T04:55:00+00:00,429.73,2024-06-20T05:30:00+00:00,543.73,3420.0,32.44,3387.56,26.277,7
756,2024-06-21T05:05:00+00:00,323.03,2024-06-21T06:50:00+00:00,303.65,-581.4,20.45,-601.85,-6.21,21
757,2024-06-24T04:50:00+00:00,248.73,2024-06-24T04:55:00+00:00,229.98,-562.5,15.04,-577.54,-7.74,1
758,2024-06-25T04:55:00+00:00,225.6,2024-06-25T05:00:00+00:00,204.89,-621.3,13.93,-635.23,-9.386,1
759,2024-06-26T04:50:00+00:00,176.12,2024-06-26T04:55:00+00:00,154.97,-634.5,10.63,-645.13,-12.21,1
760,2024-06-27T04:55:00+00:00,132.15,2024-06-27T05:05:00+00:00,239.98,3234.9,12.58,3222.32,81.279,2
761,2024-06-28T04:50:00+00:00,680.36,2024-06-28T04:55:00+00:00,658.45,-657.3,43.87,-701.17,-3.435,1
762,2024-07-01T05:55:00+00:00,850.78,2024-07-01T06:00:00+00:00,827.98,-684.0,55.71,-739.71,-2.898,1
763,2024-07-02T05:30:00+00:00,850.3,2024-07-02T05:40:00+00:00,822.26,-841.2,54.56,-895.76,-3.512,2
764,2024-07-03T04:55:00+00:00,630.01,2024-07-03T05:00:00+00:00,610.85,-574.8,40.61,-615.41,-3.256,1
765,2024-07-04T04:50:00+00:00,588.65,2024-07-04T05:00:00+00:00,688.92,3008.1,43.46,2964.64,16.788,2
766,2024-07-05T05:00:00+00:00,698.49,2024-07-05T05:20:00+00:00,807.75,3277.8,50.73,3227.07,15.4,4
767,2024-07-08T04:55:00+00:00,693.6,2024-07-08T05:00:00+00:00,677.29,-489.3,45.61,-534.91,-2.571,1
768,2024-07-09T05:10:00+00:00,705.53,2024-07-09T07:10:00+00:00,689.28,-487.5,46.16,-533.66,-2.521,24
769,2024-07-10T04:55:00+00:00,557.8,2024-07-10T05:00:00+00:00,544.05,-412.5,36.4,-448.9,-2.683,1
770,2024-07-11T04:50:00+00:00,539.56,2024-07-11T05:40:00+00:00,636.57,2910.3,39.12,2871.18,17.738,10
771,2024-07-12T04:50:00+00:00,607.53,2024-07-12T05:10:00+00:00,584.52,-690.3,39.48,-729.78,-4.004,4
772,2024-07-15T05:15:00+00:00,563.45,2024-07-15T05:20:00+00:00,540.32,-693.9,36.45,-730.35,-4.321,1
773,2024-07-16T04:50:00+00:00,519.18,2024-07-16T04:55:00+00:00,499.82,-580.8,32.49,-613.29,-3.938,1
774,2024-07-18T05:00:00+00:00,408.6,2024-07-18T05:30:00+00:00,511.67,3092.1,31.22,3060.88,24.97,6
775,2024-07-19T04:50:00+00:00,411.28,2024-07-19T05:15:00+00:00,392.0,-578.4,25.52,-603.92,-4.895,5
776,2024-07-22T04:55:00+00:00,305.03,2024-07-22T05:05:00+00:00,282.22,-684.3,18.54,-702.84,-7.681,2
777,2024-07-23T05:00:00+00:00,236.5,2024-07-23T05:05:00+00:00,217.77,-561.9,14.47,-576.37,-8.124,1
778,2024-07-24T05:00:00+00:00,133.26,2024-07-24T05:05:00+00:00,114.49,-563.1,7.71,-570.81,-14.278,1
779,2024-07-25T04:50:00+00:00,116.77,2024-07-25T05:00:00+00:00,100.47,-489.0,7.01,-496.01,-14.159,2
780,2024-07-26T04:50:00+00:00,909.54,2024-07-26T04:55:00+00:00,887.0,-676.2,59.42,-735.62,-2.696,1
781,2024-07-29T04:55:00+00:00,897.8,2024-07-29T05:25:00+00:00,1012.03,3426.9,64.03,3362.87,12.486,6
782,2024-07-30T04:50:00+00:00,910.52,2024-07-30T05:55:00+00:00,1031.27,3622.5,64.77,3557.73,13.025,13
783,2024-07-31T04:50:00+00:00,927.22,2024-07-31T04:55:00+00:00,906.75,-614.1,60.28,-674.38,-2.424,1
784,2024-08-01T04:50:00+00:00,904.49,2024-08-01T05:20:00+00:00,883.49,-630.0,59.22,-689.22,-2.54,6
785,2024-08-02T04:50:00+00:00,879.02,2024-08-02T05:15:00+00:00,988.43,3282.3,63.06,3219.24,12.208,5
786,2024-08-05T05:00:00+00:00,771.53,2024-08-05T05:15:00+00:00,921.18,4489.5,57.03,4432.47,19.15,3
787,2024-08-06T04:50:00+00:00,794.69,2024-08-06T04:55:00+00:00,786.65,-241.2,52.46,-293.66,-1.232,1
788,2024-08-07T05:00:00+00:00,932.85,2024-08-07T05:05:00+00:00,1042.14,3278.7,66.54,3212.16,11.478,1
789,2024-08-08T04:50:00+00:00,876.51,2024-08-08T05:35:00+00:00,981.21,3141.0,61.83,3079.17,11.71,9
790,2024-08-09T04:55:00+00:00,644.36,2024-08-09T06:20:00+00:00,612.61,-952.5,40.98,-993.48,-5.139,17
791,2024-08-12T04:50:00+00:00,749.45,2024-08-12T04:55:00+00:00,728.39,-631.8,49.07,-680.87,-3.028,1
792,2024-08-13T04:50:00+00:00,602.74,2024-08-13T05:05:00+00:00,581.01,-651.9,39.29,-691.19,-3.822,3
793,2024-08-14T04:50:00+00:00,706.52,2024-08-14T04:55:00+00:00,690.69,-474.9,46.21,-521.11,-2.459,1
794,2024-08-16T05:00:00+00:00,527.35,2024-08-16T05:10:00+00:00,507.7,-589.5,33.86,-623.36,-3.94,2
795,2024-08-19T05:10:00+00:00,518.68,2024-08-19T05:15:00+00:00,499.27,-582.3,32.47,-614.77,-3.951,1
796,2024-08-20T05:05:00+00:00,511.29,2024-08-20T05:10:00+00:00,488.03,-697.8,32.04,-729.84,-4.758,1
797,2024-08-21T04:50:00+00:00,463.08,2024-08-21T05:35:00+00:00,442.77,-609.3,28.89,-638.19,-4.594,9
798,2024-08-22T05:00:00+00:00,416.51,2024-08-22T09:50:00+00:00,443.75,817.2,27.83,789.37,6.317,58
799,2024-08-23T05:15:00+00:00,370.47,2024-08-23T05:20:00+00:00,349.22,-637.5,23.59,-661.09,-5.948,1
800,2024-08-26T05:00:00+00:00,265.26,2024-08-26T09:50:00+00:00,315.22,1498.8,19.38,1479.42,18.591,58
801,2024-08-27T05:00:00+00:00,186.24,2024-08-27T05:05:00+00:00,168.27,-539.1,11.17,-550.27,-9.849,1
802,2024-08-28T04:55:00+00:00,163.57,2024-08-28T09:50:00+00:00,151.95,-348.6,10.27,-358.87,-7.313,59
803,2024-08-29T04:50:00+00:00,130.14,2024-08-29T04:55:00+00:00,117.09,-391.5,7.7,-399.2,-10.225,1
804,2024-08-30T05:05:00+00:00,871.18,2024-08-30T05:10:00+00:00,850.85,-609.9,56.7,-666.6,-2.551,1
805,2024-09-02T04:50:00+00:00,622.98,2024-09-02T05:40:00+00:00,609.66,-399.6,40.42,-440.02,-2.354,10
806,2024-09-03T04:55:00+00:00,612.07,2024-09-03T05:10:00+00:00,595.23,-505.2,39.84,-545.04,-2.968,3
807,2024-09-04T05:05:00+00:00,610.61,2024-09-04T05:15:00+00:00,592.07,-556.2,39.73,-595.93,-3.253,2
808,2024-09-05T04:55:00+00:00,584.49,2024-09-05T05:20:00+00:00,573.22,-338.1,38.69,-376.79,-2.149,5
809,2024-09-06T04:55:00+00:00,817.32,2024-09-06T05:05:00+00:00,807.73,-287.7,53.47,-341.17,-1.391,2
810,2024-09-09T05:10:00+00:00,739.28,2024-09-09T06:20:00+00:00,855.42,3484.2,53.77,3430.43,15.467,14
811,2024-09-10T04:50:00+00:00,658.98,2024-09-10T07:15:00+00:00,752.21,2796.9,47.54,2749.36,13.907,29
812,2024-09-11T04:50:00+00:00,623.2,2024-09-11T04:55:00+00:00,601.52,-650.4,40.24,-690.64,-3.694,1
813,2024-09-12T04:50:00+00:00,448.37,2024-09-12T04:55:00+00:00,430.77,-528.0,28.27,-556.27,-4.135,1
814,2024-09-13T04:50:00+00:00,568.11,2024-09-13T06:55:00+00:00,681.97,3415.8,42.82,3372.98,19.791,25
815,2024-09-16T04:55:00+00:00,467.29,2024-09-16T05:00:00+00:00,451.62,-470.1,29.19,-499.29,-3.562,1
816,2024-09-17T04:50:00+00:00,391.12,2024-09-17T05:05:00+00:00,371.15,-599.1,24.57,-623.67,-5.315,3
817,2024-09-18T04:50:00+00:00,414.84,2024-09-18T05:10:00+00:00,528.19,3400.5,31.74,3368.76,27.069,4
818,2024-09-19T04:50:00+00:00,348.98,2024-09-19T04:55:00+00:00,332.47,-495.3,21.71,-517.01,-4.938,1
819,2024-09-20T04:50:00+00:00,303.1,2024-09-20T04:55:00+00:00,285.68,-522.6,18.57,-541.17,-5.952,1
820,2024-09-23T05:10:00+00:00,243.27,2024-09-23T05:20:00+00:00,224.17,-573.0,14.78,-587.78,-8.054,2
821,2024-09-24T05:10:00+00:00,188.45,2024-09-24T06:45:00+00:00,171.46,-509.7,11.3,-521.0,-9.216,19
822,2024-09-25T04:50:00+00:00,148.66,2024-09-25T09:50:00+00:00,195.22,1396.8,11.93,1384.87,31.052,60
823,2024-09-26T05:05:00+00:00,133.19,2024-09-26T05:15:00+00:00,114.69,-555.0,7.72,-562.72,-14.083,2
824,2024-09-27T04:50:00+00:00,955.94,2024-09-27T05:10:00+00:00,934.11,-654.9,62.58,-717.48,-2.502,4
825,2024-09-30T04:55:00+00:00,642.2,2024-09-30T05:00:00+00:00,630.51,-350.7,42.34,-393.04,-2.04,1
826,2024-10-01T04:50:00+00:00,593.17,2024-10-01T05:25:00+00:00,587.57,-168.0,46.22,-214.22,-1.204,7
827,2024-10-03T04:50:00+00:00,622.15,2024-10-03T04:55:00+00:00,611.5,-319.5,47.44,-366.94,-1.966,1
828,2024-10-04T04:50:00+00:00,656.95,2024-10-04T04:55:00+00:00,637.1,-595.5,49.84,-645.34,-3.274,1
829,2024-10-07T05:10:00+00:00,674.0,2024-10-07T05:15:00+00:00,788.29,3428.7,58.71,3369.99,16.667,1
830,2024-10-08T04:50:00+00:00,678.66,2024-10-08T04:55:00+00:00,653.17,-764.7,51.71,-816.41,-4.01,1
831,2024-10-09T04:55:00+00:00,598.55,2024-10-09T05:00:00+00:00,691.28,2781.9,51.74,2730.16,15.204,1
832,2024-10-10T04:50:00+00:00,563.6,2024-10-10T06:15:00+00:00,550.38,-396.6,43.68,-440.28,-2.604,17
833,2024-10-11T04:55:00+00:00,553.22,2024-10-11T05:25:00+00:00,657.73,3135.3,47.92,3087.38,18.602,6
834,2024-10-14T04:55:00+00:00,672.2,2024-10-14T05:10:00+00:00,650.52,-650.4,51.5,-701.9,-3.481,3
835,2024-10-15T04:50:00+00:00,638.42,2024-10-15T05:00:00+00:00,621.18,-517.2,49.04,-566.24,-2.956,2
836,2024-10-16T04:55:00+00:00,472.79,2024-10-16T09:50:00+00:00,529.95,1714.8,39.12,1675.68,11.814,59
837,2024-10-17T04:50:00+00:00,494.41,2024-10-17T05:10:00+00:00,473.0,-642.3,36.3,-678.6,-4.575,4
838,2024-10-18T04:55:00+00:00,567.55,2024-10-18T05:35:00+00:00,547.26,-608.7,42.7,-651.4,-3.826,8
839,2024-10-21T05:20:00+00:00,406.2,2024-10-21T05:25:00+00:00,387.53,-560.1,30.3,-590.4,-4.845,1
840,2024-10-22T04:50:00+00:00,396.01,2024-10-22T05:00:00+00:00,497.37,3040.8,35.6,3005.2,25.296,2
841,2024-10-23T04:55:00+00:00,396.85,2024-10-23T05:00:00+00:00,376.92,-597.9,28.84,-626.74,-5.264,1
842,2024-10-24T05:05:00+00:00,424.5,2024-10-24T05:10:00+00:00,405.92,-557.4,31.15,-588.55,-4.622,1
843,2024-10-25T04:55:00+00:00,414.8,2024-10-25T05:00:00+00:00,397.34,-523.8,30.72,-554.52,-4.456,1
844,2024-10-28T04:50:00+00:00,305.32,2024-10-28T04:55:00+00:00,286.14,-575.4,22.64,-598.04,-6.529,1
845,2024-10-29T06:10:00+00:00,237.19,2024-10-29T06:50:00+00:00,353.43,3487.2,24.62,3462.58,48.661,8
846,2024-10-30T04:55:00+00:00,159.88,2024-10-30T05:00:00+00:00,141.12,-562.8,10.94,-573.74,-11.962,1
847,2024-10-31T04:50:00+00:00,159.38,2024-10-31T04:55:00+00:00,141.21,-545.1,10.93,-556.03,-11.629,1
848,2024-11-04T04:55:00+00:00,1027.64,2024-11-04T05:05:00+00:00,1005.19,-673.5,77.87,-751.37,-2.437,2
849,2024-11-05T04:50:00+00:00,751.14,2024-11-05T04:55:00+00:00,730.66,-614.4,57.16,-671.56,-2.98,1
850,2024-11-06T04:55:00+00:00,671.65,2024-11-06T06:00:00+00:00,645.89,-772.8,50.38,-823.18,-4.085,13
851,2024-11-07T04:55:00+00:00,833.37,2024-11-07T05:00:00+00:00,811.9,-644.1,62.93,-707.03,-2.828,1
852,2024-11-08T05:00:00+00:00,636.15,2024-11-08T05:15:00+00:00,729.33,2795.4,54.48,2740.92,14.362,3
853,2024-11-11T04:50:00+00:00,558.45,2024-11-11T04:55:00+00:00,536.36,-662.7,42.24,-704.94,-4.208,1
854,2024-11-12T04:55:00+00:00,528.2,2024-11-12T05:05:00+00:00,634.44,3187.2,45.81,3141.39,19.824,2
855,2024-11-13T05:15:00+00:00,576.74,2024-11-13T05:20:00+00:00,558.19,-556.5,44.17,-600.67,-3.472,1
856,2024-11-14T04:55:00+00:00,667.49,2024-11-14T05:00:00+00:00,645.58,-657.3,50.27,-707.57,-3.533,1
857,2024-11-18T04:50:00+00:00,453.37,2024-11-18T04:55:00+00:00,438.03,-460.2,33.55,-493.75,-3.63,1
858,2024-11-19T04:55:00+00:00,502.52,2024-11-19T09:15:00+00:00,488.33,-425.7,37.85,-463.55,-3.075,52
859,2024-11-21T05:20:00+00:00,400.61,2024-11-21T05:25:00+00:00,380.95,-589.8,29.02,-618.82,-5.149,1
860,2024-11-22T04:50:00+00:00,380.23,2024-11-22T05:15:00+00:00,489.26,3270.9,35.05,3235.85,28.367,5
861,2024-11-25T04:50:00+00:00,298.76,2024-11-25T07:20:00+00:00,279.19,-587.1,21.33,-608.43,-6.788,30
862,2024-11-26T04:50:00+00:00,213.71,2024-11-26T04:55:00+00:00,194.24,-584.1,15.41,-599.51,-9.351,1
863,2024-11-27T04:50:00+00:00,182.99,2024-11-27T04:55:00+00:00,162.51,-614.4,12.97,-627.37,-11.428,1
864,2024-11-28T04:50:00+00:00,177.06,2024-11-28T05:00:00+00:00,305.75,3860.7,20.13,3840.57,72.303,2
865,2024-11-29T04:50:00+00:00,734.62,2024-11-29T04:55:00+00:00,715.32,-579.0,55.43,-634.43,-2.879,1
866,2024-12-02T04:50:00+00:00,885.77,2024-12-02T04:55:00+00:00,868.1,-530.1,67.44,-597.54,-2.249,1
867,2024-12-03T04:50:00+00:00,875.84,2024-12-03T06:55:00+00:00,851.32,-735.6,66.82,-802.42,-3.054,25
868,2024-12-04T04:55:00+00:00,651.72,2024-12-04T05:05:00+00:00,633.82,-537.0,49.64,-586.64,-3.0,2
869,2024-12-05T04:55:00+00:00,856.05,2024-12-05T05:00:00+00:00,837.71,-550.2,65.05,-615.25,-2.396,1
870,2024-12-06T04:50:00+00:00,623.95,2024-12-06T04:55:00+00:00,600.56,-701.7,47.23,-748.93,-4.001,1
871,2024-12-09T04:50:00+00:00,730.58,2024-12-09T05:50:00+00:00,828.87,2948.7,61.95,2886.75,13.171,12
872,2024-12-10T05:00:00+00:00,721.62,2024-12-10T05:05:00+00:00,699.62,-660.0,54.77,-714.77,-3.302,1
873,2024-12-11T04:50:00+00:00,506.08,2024-12-11T04:55:00+00:00,489.89,-485.7,37.96,-523.66,-3.449,1
874,2024-12-12T04:50:00+00:00,617.33,2024-12-12T05:00:00+00:00,596.31,-630.6,46.98,-677.58,-3.659,2
875,2024-12-13T04:50:00+00:00,497.32,2024-12-13T05:00:00+00:00,608.27,3328.5,43.49,3285.01,22.018,2
876,2024-12-16T04:50:00+00:00,462.84,2024-12-16T06:35:00+00:00,579.67,3504.9,41.04,3463.86,24.946,21
877,2024-12-17T04:55:00+00:00,435.28,2024-12-17T05:00:00+00:00,420.47,-444.3,32.73,-477.03,-3.653,1
878,2024-12-18T04:50:00+00:00,430.98,2024-12-18T04:55:00+00:00,411.57,-582.3,31.43,-613.73,-4.747,1
879,2024-12-19T04:50:00+00:00,376.29,2024-12-19T04:55:00+00:00,354.57,-651.6,27.85,-679.45,-6.019,1
880,2024-12-20T04:50:00+00:00,453.59,2024-12-20T04:55:00+00:00,428.69,-747.0,33.34,-780.34,-5.735,1
881,2024-12-23T04:55:00+00:00,231.19,2024-12-23T05:00:00+00:00,212.46,-561.9,16.23,-578.13,-8.336,1
882,2024-12-24T05:15:00+00:00,181.95,2024-12-24T05:30:00+00:00,164.07,-536.4,12.98,-549.38,-10.065,3
883,2024-12-26T04:55:00+00:00,172.69,2024-12-26T05:00:00+00:00,152.21,-614.4,12.49,-626.89,-12.1,1
884,2024-12-27T05:00:00+00:00,664.78,2024-12-27T05:05:00+00:00,645.45,-579.9,50.21,-630.11,-3.159,1
885,2024-12-30T04:55:00+00:00,927.94,2024-12-30T05:30:00+00:00,909.45,-554.7,70.36,-625.06,-2.245,7
886,2024-12-31T04:50:00+00:00,976.64,2024-12-31T06:35:00+00:00,964.74,-357.0,74.76,-431.76,-1.474,21
887,2025-01-01T04:55:00+00:00,993.69,2025-01-01T05:05:00+00:00,970.59,-693.0,75.29,-768.29,-2.577,2
888,2025-01-02T04:55:00+00:00,968.95,2025-01-02T05:00:00+00:00,945.88,-692.1,73.15,-765.25,-2.633,1
889,2025-01-03T04:55:00+00:00,900.06,2025-01-03T05:00:00+00:00,883.15,-507.3,68.11,-575.41,-2.131,1
890,2025-01-06T04:55:00+00:00,625.09,2025-01-06T05:20:00+00:00,732.38,3218.7,54.3,3164.4,16.874,5
891,2025-01-07T05:15:00+00:00,867.9,2025-01-07T05:20:00+00:00,853.61,-428.7,66.69,-495.39,-1.903,1
892,2025-01-08T04:55:00+00:00,614.26,2025-01-08T05:10:00+00:00,718.24,3119.4,53.72,3065.68,16.636,3
893,2025-01-09T05:00:00+00:00,589.74,2025-01-09T05:20:00+00:00,693.92,3125.4,51.6,3073.8,17.374,4
894,2025-01-10T04:50:00+00:00,807.3,2025-01-10T04:55:00+00:00,791.05,-487.5,61.85,-549.35,-2.268,1
895,2025-01-13T04:55:00+00:00,739.55,2025-01-13T05:10:00+00:00,716.75,-684.0,56.58,-740.58,-3.338,3
896,2025-01-14T04:50:00+00:00,555.27,2025-01-14T04:55:00+00:00,536.68,-557.7,41.18,-598.88,-3.595,1
897,2025-01-15T04:55:00+00:00,689.61,2025-01-15T05:00:00+00:00,666.77,-685.2,52.27,-737.47,-3.565,1
898,2025-01-16T04:50:00+00:00,638.0,2025-01-16T05:20:00+00:00,617.94,-601.8,48.96,-650.76,-3.4,6
899,2025-01-17T04:50:00+00:00,642.45,2025-01-17T05:00:00+00:00,622.27,-605.4,49.16,-654.56,-3.396,2
900,2025-01-20T04:50:00+00:00,586.82,2025-01-20T05:10:00+00:00,564.01,-684.3,44.53,-728.83,-4.14,4
901,2025-01-21T04:50:00+00:00,505.56,2025-01-21T05:30:00+00:00,608.74,3095.4,43.69,3051.71,20.121,8
902,2025-01-22T04:50:00+00:00,449.35,2025-01-22T04:55:00+00:00,429.42,-597.9,33.26,-631.16,-4.682,1
903,2025-01-23T04:50:00+00:00,470.62,2025-01-23T04:55:00+00:00,451.87,-562.5,35.27,-597.77,-4.234,1
904,2025-01-24T04:50:00+00:00,397.44,2025-01-24T04:55:00+00:00,379.79,-529.5,28.92,-558.42,-4.683,1
905,2025-01-27T04:50:00+00:00,319.86,2025-01-27T04:55:00+00:00,301.31,-556.5,23.32,-579.82,-6.042,1
906,2025-01-28T04:55:00+00:00,261.49,2025-01-28T05:05:00+00:00,241.28,-606.3,18.59,-624.89,-7.966,2
907,2025-01-29T04:55:00+00:00,197.01,2025-01-29T05:00:00+00:00,177.72,-578.7,13.64,-592.34,-10.022,1
908,2025-01-30T04:50:00+00:00,167.67,2025-01-30T04:55:00+00:00,152.8,-446.1,12.39,-458.49,-9.115,1
909,2025-01-31T04:50:00+00:00,1035.28,2025-01-31T06:30:00+00:00,1104.61,2079.9,83.34,1996.56,6.428,20
910,2025-02-01T04:50:00+00:00,945.26,2025-02-01T05:00:00+00:00,925.62,-589.2,72.14,-661.34,-2.332,2
911,2025-02-03T04:55:00+00:00,840.83,2025-02-03T05:00:00+00:00,819.36,-644.1,64.28,-708.38,-2.808,1
912,2025-02-04T05:05:00+00:00,651.01,2025-02-04T05:45:00+00:00,606.58,-1332.9,48.0,-1380.9,-7.071,8
913,2025-02-05T04:50:00+00:00,604.78,2025-02-05T05:10:00+00:00,581.62,-694.8,45.35,-740.15,-4.079,4
914,2025-02-06T04:50:00+00:00,809.65,2025-02-06T05:15:00+00:00,788.36,-638.7,61.84,-700.54,-2.884,5
915,2025-02-07T04:50:00+00:00,567.39,2025-02-07T05:10:00+00:00,546.8,-617.7,42.69,-660.39,-3.88,4
916,2025-02-10T05:05:00+00:00,566.47,2025-02-10T05:10:00+00:00,548.5,-539.1,42.71,-581.81,-3.424,1
917,2025-02-11T04:50:00+00:00,666.86,2025-02-11T05:05:00+00:00,645.85,-630.3,50.27,-680.57,-3.402,3
918,2025-02-12T05:05:00+00:00,651.1,2025-02-12T05:20:00+00:00,768.02,3507.6,56.72,3450.88,17.667,3
919,2025-02-13T05:10:00+00:00,644.79,2025-02-13T05:15:00+00:00,624.4,-611.7,49.26,-660.96,-3.417,1
920,2025-02-14T04:50:00+00:00,628.03,2025-02-14T04:55:00+00:00,609.51,-555.6,47.53,-603.13,-3.201,1
921,2025-02-17T04:55:00+00:00,584.22,2025-02-17T05:05:00+00:00,696.69,3374.1,51.53,3322.57,18.957,2
922,2025-02-18T04:50:00+00:00,441.34,2025-02-18T05:20:00+00:00,417.78,-706.8,32.81,-739.61,-5.586,6
923,2025-02-19T04:50:00+00:00,487.87,2025-02-19T04:55:00+00:00,467.58,-608.7,36.03,-644.73,-4.405,1
924,2025-02-20T05:05:00+00:00,450.03,2025-02-20T05:10:00+00:00,428.06,-659.1,33.25,-692.35,-5.128,1
925,2025-02-21T05:00:00+00:00,337.36,2025-02-21T05:05:00+00:00,320.35,-510.3,25.16,-535.46,-5.291,1
926,2025-02-24T05:05:00+00:00,264.44,2025-02-24T05:10:00+00:00,243.85,-617.7,18.72,-636.42,-8.022,1
927,2025-02-25T04:50:00+00:00,199.59,2025-02-25T09:50:00+00:00,252.63,1591.2,18.43,1572.77,26.267,60
928,2025-02-27T05:00:00+00:00,151.1,2025-02-27T06:00:00+00:00,130.82,-608.4,10.5,-618.9,-13.653,12
929,2025-02-28T04:50:00+00:00,801.87,2025-02-28T04:55:00+00:00,784.27,-528.0,61.57,-589.57,-2.451,1
930,2025-03-03T04:50:00+00:00,797.76,2025-03-03T04:55:00+00:00,769.56,-846.0,60.14,-906.14,-3.786,1
931,2025-03-04T04:50:00+00:00,780.17,2025-03-04T06:10:00+00:00,756.53,-709.2,59.43,-768.63,-3.284,16
932,2025-03-05T04:50:00+00:00,536.63,2025-03-05T04:55:00+00:00,520.76,-476.1,40.38,-516.48,-3.208,1
933,2025-03-06T04:50:00+00:00,704.52,2025-03-06T04:55:00+00:00,682.15,-671.1,52.97,-724.07,-3.426,1
934,2025-03-07T04:50:00+00:00,702.35,2025-03-07T04:55:00+00:00,680.22,-663.9,52.88,-716.78,-3.402,1
935,2025-03-10T04:50:00+00:00,483.7,2025-03-10T04:55:00+00:00,465.09,-558.3,35.88,-594.18,-4.095,1
936,2025-03-11T04:55:00+00:00,663.64,2025-03-11T05:00:00+00:00,642.76,-626.4,50.12,-676.52,-3.398,1
937,2025-03-12T04:55:00+00:00,620.06,2025-03-12T05:20:00+00:00,596.42,-709.2,47.05,-756.25,-4.065,5
938,2025-03-13T04:50:00+00:00,581.03,2025-03-13T04:55:00+00:00,561.86,-575.1,44.35,-619.45,-3.554,1
939,2025-03-17T05:00:00+00:00,402.29,2025-03-17T05:35:00+00:00,385.89,-492.0,30.17,-522.17,-4.327,7
940,2025-03-18T04:50:00+00:00,467.07,2025-03-18T04:55:00+00:00,447.96,-573.3,34.1,-607.4,-4.335,1
941,2025-03-19T04:50:00+00:00,443.02,2025-03-19T09:50:00+00:00,486.83,1314.3,36.44,1277.86,9.615,60
942,2025-03-20T04:50:00+00:00,381.48,2025-03-20T05:55:00+00:00,357.4,-722.4,28.04,-750.44,-6.557,13
943,2025-03-21T04:50:00+00:00,366.84,2025-03-21T05:15:00+00:00,489.17,3669.9,34.74,3635.16,33.031,5
944,2025-03-24T04:50:00+00:00,241.13,2025-03-24T05:25:00+00:00,361.74,3618.3,24.9,3593.4,49.674,7
945,2025-03-25T04:55:00+00:00,237.86,2025-03-25T05:00:00+00:00,217.17,-620.7,17.49,-638.19,-8.943,1
946,2025-03-26T04:50:00+00:00,133.16,2025-03-26T04:55:00+00:00,114.53,-558.9,8.71,-567.61,-14.209,1
947,2025-03-27T04:50:00+00:00,166.73,2025-03-27T04:55:00+00:00,145.83,-627.0,11.21,-638.21,-12.759,1
948,2025-03-28T05:00:00+00:00,854.72,2025-03-28T05:40:00+00:00,832.78,-658.2,64.91,-723.11,-2.82,8
949,2025-04-01T04:50:00+00:00,797.98,2025-04-01T04:55:00+00:00,785.31,-380.1,61.5,-441.6,-1.845,1
950,2025-04-02T05:00:00+00:00,779.9,2025-04-02T05:05:00+00:00,756.11,-713.7,59.41,-773.11,-3.304,1
951,2025-04-03T04:55:00+00:00,775.78,2025-04-03T05:00:00+00:00,755.21,-617.1,59.3,-676.4,-2.906,1
952,2025-04-04T04:50:00+00:00,793.5,2025-04-04T04:55:00+00:00,770.28,-696.6,60.05,-756.65,-3.179,1
953,2025-04-07T04:50:00+00:00,833.04,2025-04-07T04:55:00+00:00,807.1,-778.2,62.82,-841.02,-3.365,1
954,2025-04-08T04:50:00+00:00,758.73,2025-04-08T04:55:00+00:00,738.98,-592.5,57.53,-650.03,-2.856,1
955,2025-04-09T05:05:00+00:00,778.95,2025-04-09T05:40:00+00:00,873.33,2831.4,65.1,2766.3,11.838,7
956,2025-04-11T04:55:00+00:00,701.92,2025-04-11T05:00:00+00:00,673.61,-849.3,52.71,-902.01,-4.284,1
957,2025-04-15T04:50:00+00:00,500.83,2025-04-15T05:05:00+00:00,483.9,-507.9,37.7,-545.6,-3.631,3
958,2025-04-16T04:50:00+00:00,433.39,2025-04-16T05:45:00+00:00,419.75,-409.2,32.67,-441.87,-3.399,11
959,2025-04-17T04:50:00+00:00,498.68,2025-04-17T05:30:00+00:00,480.61,-542.1,36.58,-578.68,-3.868,8
960,2025-04-21T04:50:00+00:00,302.16,2025-04-21T04:55:00+00:00,280.94,-636.6,21.44,-658.04,-7.259,1
961,2025-04-22T04:50:00+00:00,246.32,2025-04-22T05:55:00+00:00,229.26,-511.8,17.96,-529.76,-7.169,13
962,2025-04-23T05:05:00+00:00,196.75,2025-04-23T05:45:00+00:00,175.2,-646.5,13.58,-660.08,-11.183,8
963,2025-04-24T05:15:00+00:00,163.64,2025-04-24T05:40:00+00:00,145.13,-555.3,11.12,-566.42,-11.538,5
964,2025-04-25T05:00:00+00:00,979.39,2025-04-25T06:15:00+00:00,1062.59,2496.0,80.08,2415.92,8.223,15
965,2025-04-28T04:50:00+00:00,1250.2,2025-04-28T04:55:00+00:00,1231.91,-548.7,95.23,-643.93,-1.717,1
966,2025-04-29T04:50:00+00:00,968.58,2025-04-29T04:55:00+00:00,951.31,-518.1,74.27,-592.37,-2.039,1
967,2025-04-30T04:50:00+00:00,939.84,2025-04-30T07:20:00+00:00,940.63,23.7,72.36,-48.66,-0.173,30
968,2025-05-02T05:00:00+00:00,934.75,2025-05-02T05:40:00+00:00,1035.53,3023.4,77.43,2945.97,10.505,8
969,2025-05-05T05:05:00+00:00,1166.15,2025-05-05T05:20:00+00:00,1139.37,-803.4,88.16,-891.56,-2.548,3
970,2025-05-06T04:50:00+00:00,878.65,2025-05-06T05:00:00+00:00,855.45,-696.0,66.98,-762.98,-2.895,2
971,2025-05-07T04:50:00+00:00,908.38,2025-05-07T04:55:00+00:00,884.11,-728.1,69.33,-797.43,-2.926,1
972,2025-05-08T04:50:00+00:00,1041.3,2025-05-08T06:20:00+00:00,1029.32,-359.4,79.74,-439.14,-1.406,18
973,2025-05-09T04:55:00+00:00,1207.9,2025-05-09T05:00:00+00:00,1187.98,-597.6,92.24,-689.84,-1.904,1
974,2025-05-12T04:50:00+00:00,919.74,2025-05-12T05:50:00+00:00,1035.23,3464.7,77.07,3387.63,12.277,12
975,2025-05-13T05:00:00+00:00,781.45,2025-05-13T05:05:00+00:00,758.6,-685.5,59.51,-745.01,-3.178,1
976,2025-05-14T04:55:00+00:00,841.27,2025-05-14T05:00:00+00:00,819.57,-651.0,64.29,-715.29,-2.834,1
977,2025-05-15T05:05:00+00:00,777.77,2025-05-15T05:10:00+00:00,888.62,3325.5,66.42,3259.08,13.968,1
978,2025-05-16T04:50:00+00:00,765.27,2025-05-16T04:55:00+00:00,743.08,-665.7,57.78,-723.48,-3.151,1
979,2025-05-19T04:55:00+00:00,658.26,2025-05-19T08:10:00+00:00,639.13,-573.9,49.91,-623.81,-3.159,39
980,2025-05-20T04:50:00+00:00,571.81,2025-05-20T04:55:00+00:00,552.53,-578.4,43.92,-622.32,-3.628,1
981,2025-05-21T04:50:00+00:00,612.22,2025-05-21T04:55:00+00:00,591.49,-621.9,46.75,-668.65,-3.641,1
982,2025-05-22T05:05:00+00:00,496.73,2025-05-22T06:10:00+00:00,607.61,3326.4,43.46,3282.94,22.03,13
983,2025-05-23T04:50:00+00:00,449.34,2025-05-23T05:15:00+00:00,428.99,-610.5,33.25,-643.75,-4.776,5
984,2025-05-26T04:55:00+00:00,357.21,2025-05-26T05:00:00+00:00,465.96,3262.5,32.98,3229.52,30.137,1
985,2025-05-27T04:50:00+00:00,298.07,2025-05-27T05:05:00+00:00,278.8,-578.1,21.3,-599.4,-6.703,3
986,2025-05-28T04:50:00+00:00,203.78,2025-05-28T05:00:00+00:00,184.99,-563.7,14.96,-578.66,-9.465,2
987,2025-05-29T05:00:00+00:00,184.89,2025-05-29T07:05:00+00:00,294.4,3285.3,20.05,3265.25,58.868,25
988,2025-05-30T04:50:00+00:00,839.18,2025-05-30T07:40:00+00:00,829.07,-303.3,64.46,-367.76,-1.461,34
989,2025-06-02T05:10:00+00:00,1108.41,2025-06-02T05:45:00+00:00,1088.1,-609.3,84.64,-693.94,-2.087,7
990,2025-06-03T04:50:00+00:00,1092.7,2025-06-03T05:05:00+00:00,1070.72,-659.4,82.88,-742.28,-2.264,3
991,2025-06-04T05:00:00+00:00,950.73,2025-06-04T09:50:00+00:00,1007.1,1691.1,76.14,1614.96,5.662,58
992,2025-06-05T04:50:00+00:00,699.97,2025-06-05T04:55:00+00:00,681.58,-551.7,52.85,-604.55,-2.879,1
993,2025-06-06T04:50:00+00:00,675.22,2025-06-06T04:55:00+00:00,657.25,-539.1,51.72,-590.82,-2.917,1
994,2025-06-09T04:55:00+00:00,820.94,2025-06-09T05:00:00+00:00,797.74,-696.0,62.32,-758.32,-3.079,1
995,2025-06-10T04:50:00+00:00,762.72,2025-06-10T04:55:00+00:00,740.26,-673.8,57.65,-731.45,-3.197,1
996,2025-06-11T04:55:00+00:00,555.67,2025-06-11T05:10:00+00:00,539.77,-477.0,42.26,-519.26,-3.115,3
997,2025-06-12T04:50:00+00:00,552.94,2025-06-12T04:55:00+00:00,530.13,-684.3,40.97,-725.27,-4.372,1
998,2025-06-13T04:50:00+00:00,579.4,2025-06-13T04:55:00+00:00,554.43,-749.1,44.14,-793.24,-4.564,1
999,2025-06-16T04:50:00+00:00,601.39,2025-06-16T05:35:00+00:00,724.89,3705.0,53.58,3651.42,20.239,9
1000,2025-06-17T04:50:00+00:00,558.87,2025-06-17T04:55:00+00:00,539.09,-593.4,42.31,-635.71,-3.792,1
1001,2025-06-18T04:55:00+00:00,416.73,2025-06-18T05:05:00+00:00,397.7,-570.9,30.78,-601.68,-4.813,2
1002,2025-06-19T04:50:00+00:00,396.67,2025-06-19T07:10:00+00:00,509.5,3384.9,35.89,3349.01,28.143,28
1003,2025-06-20T04:50:00+00:00,403.35,2025-06-20T05:00:00+00:00,517.28,3417.9,37.23,3380.67,27.938,2
1004,2025-06-23T04:50:00+00:00,322.63,2025-06-23T07:50:00+00:00,440.99,3550.8,30.61,3520.19,36.37,36
1005,2025-06-24T05:20:00+00:00,244.8,2025-06-24T05:25:00+00:00,224.5,-609.0,17.82,-626.82,-8.535,1
1006,2025-06-25T04:55:00+00:00,176.76,2025-06-25T05:35:00+00:00,155.22,-646.2,12.65,-658.85,-12.425,8
1007,2025-06-26T04:50:00+00:00,168.95,2025-06-26T04:55:00+00:00,150.22,-561.9,12.36,-574.26,-11.33,1
1008,2025-06-27T04:50:00+00:00,1054.4,2025-06-27T07:10:00+00:00,1167.11,3381.3,87.22,3294.08,10.414,28
1009,2025-06-30T04:55:00+00:00,704.46,2025-06-30T06:30:00+00:00,676.11,-850.5,52.83,-903.33,-4.274,19
1010,2025-07-01T04:55:00+00:00,681.17,2025-07-01T05:00:00+00:00,664.51,-499.8,52.03,-551.83,-2.7,1
1011,2025-07-02T04:50:00+00:00,660.84,2025-07-02T04:55:00+00:00,641.75,-572.7,50.03,-622.73,-3.141,1
1012,2025-07-03T05:30:00+00:00,651.19,2025-07-03T05:35:00+00:00,636.82,-431.1,49.7,-480.8,-2.461,1
1013,2025-07-04T04:55:00+00:00,932.13,2025-07-04T05:50:00+00:00,901.54,-917.7,70.28,-987.98,-3.533,11
1014,2025-07-07T05:15:00+00:00,842.69,2025-07-07T06:25:00+00:00,820.73,-658.8,64.35,-723.15,-2.86,14
1015,2025-07-08T04:50:00+00:00,826.85,2025-07-08T05:15:00+00:00,806.44,-612.3,62.66,-674.96,-2.721,5
1016,2025-07-09T06:25:00+00:00,550.02,2025-07-09T06:35:00+00:00,533.81,-486.3,40.99,-527.29,-3.196,2
1017,2025-07-10T04:55:00+00:00,746.49,2025-07-10T05:20:00+00:00,729.71,-503.4,57.04,-560.44,-2.503,5
1018,2025-07-11T04:50:00+00:00,523.98,2025-07-11T07:05:00+00:00,518.4,-167.4,40.03,-207.43,-1.32,27
1019,2025-07-14T04:50:00+00:00,664.1,2025-07-14T04:55:00+00:00,639.72,-731.4,50.06,-781.46,-3.922,1
1020,2025-07-15T05:10:00+00:00,625.51,2025-07-15T06:45:00+00:00,602.6,-687.3,47.32,-734.62,-3.915,19
1021,2025-07-16T04:50:00+00:00,629.21,2025-07-16T05:00:00+00:00,614.89,-429.6,47.68,-477.28,-2.528,2
1022,2025-07-17T04:50:00+00:00,457.45,2025-07-17T05:20:00+00:00,436.05,-642.0,33.6,-675.6,-4.923,6
1023,2025-07-18T04:50:00+00:00,409.67,2025-07-18T09:00:00+00:00,381.12,-856.5,29.23,-885.73,-7.207,50
1024,2025-07-21T04:55:00+00:00,366.57,2025-07-21T05:00:00+00:00,350.49,-482.4,27.53,-509.93,-4.637,1
1025,2025-07-22T04:50:00+00:00,433.87,2025-07-22T04:55:00+00:00,413.81,-601.8,31.54,-633.34,-4.866,1
1026,2025-07-23T04:55:00+00:00,382.68,2025-07-23T06:45:00+00:00,497.68,3450.0,35.3,3414.7,29.744,22
1027,2025-07-24T05:00:00+00:00,395.39,2025-07-24T05:30:00+00:00,383.0,-371.7,28.95,-400.65,-3.378,6
1028,2025-07-25T04:50:00+00:00,315.78,2025-07-25T05:40:00+00:00,426.72,3328.2,30.12,3298.08,34.814,10
1029,2025-07-28T04:50:00+00:00,269.74,2025-07-28T05:05:00+00:00,250.91,-564.9,20.0,-584.9,-7.228,3
1030,2025-07-29T04:50:00+00:00,174.69,2025-07-29T05:45:00+00:00,157.26,-522.9,12.65,-535.55,-10.219,11
1031,2025-07-30T05:10:00+00:00,113.47,2025-07-30T05:25:00+00:00,95.51,-538.8,7.82,-546.62,-16.058,3
1032,2025-07-31T04:50:00+00:00,134.31,2025-07-31T04:55:00+00:00,116.4,-537.3,8.78,-546.08,-13.553,1
1033,2025-08-01T04:50:00+00:00,855.7,2025-08-01T05:25:00+00:00,830.68,-750.6,64.88,-815.48,-3.177,7
1034,2025-08-04T04:50:00+00:00,815.57,2025-08-04T04:55:00+00:00,800.27,-459.0,62.25,-521.25,-2.13,1
1035,2025-08-05T05:00:00+00:00,584.56,2025-08-05T06:40:00+00:00,552.93,-948.9,44.23,-993.13,-5.663,20
1036,2025-08-06T04:50:00+00:00,775.08,2025-08-06T04:55:00+00:00,752.49,-677.7,59.22,-736.92,-3.169,1
1037,2025-08-07T05:00:00+00:00,523.6,2025-08-07T05:45:00+00:00,520.81,-83.7,40.08,-123.78,-0.788,9
1038,2025-08-08T05:10:00+00:00,514.45,2025-08-08T07:25:00+00:00,489.95,-735.0,38.16,-773.16,-5.01,27
1039,2025-08-11T04:50:00+00:00,702.35,2025-08-11T06:05:00+00:00,677.33,-750.6,52.81,-803.41,-3.813,15
1040,2025-08-12T04:50:00+00:00,475.84,2025-08-12T05:00:00+00:00,577.43,3047.7,41.28,3006.42,21.06,2
1041,2025-08-13T04:50:00+00:00,479.4,2025-08-13T04:55:00+00:00,459.23,-605.1,35.64,-640.74,-4.455,1
1042,2025-08-14T04:50:00+00:00,607.67,2025-08-14T05:15:00+00:00,584.34,-699.9,46.48,-746.38,-4.094,5
1043,2025-08-18T05:00:00+00:00,413.06,2025-08-18T05:10:00+00:00,397.34,-471.6,30.68,-502.28,-4.053,2
1044,2025-08-19T04:50:00+00:00,471.88,2025-08-19T04:55:00+00:00,449.75,-663.9,34.25,-698.15,-4.932,1
1045,2025-08-20T04:55:00+00:00,359.94,2025-08-20T07:05:00+00:00,346.15,-413.7,26.28,-439.98,-4.075,26
1046,2025-08-21T05:05:00+00:00,371.35,2025-08-21T05:10:00+00:00,357.71,-409.2,27.81,-437.01,-3.923,1
1047,2025-08-22T04:50:00+00:00,317.66,2025-08-22T04:55:00+00:00,300.99,-500.1,23.26,-523.36,-5.492,1
1048,2025-08-25T04:55:00+00:00,266.9,2025-08-25T05:00:00+00:00,243.93,-689.1,18.78,-707.88,-8.841,1
1049,2025-08-26T05:05:00+00:00,204.52,2025-08-26T05:30:00+00:00,186.04,-554.4,15.0,-569.4,-9.28,5
1050,2025-08-28T04:50:00+00:00,117.67,2025-08-28T04:55:00+00:00,99.74,-537.9,8.01,-545.91,-15.464,1
1051,2025-08-29T04:55:00+00:00,928.39,2025-08-29T05:25:00+00:00,904.27,-723.6,70.25,-793.85,-2.85,6
1052,2025-09-01T04:50:00+00:00,547.68,2025-09-01T07:20:00+00:00,527.13,-616.5,40.78,-657.28,-4.0,30
1053,2025-09-02T04:50:00+00:00,550.03,2025-09-02T05:15:00+00:00,529.88,-604.5,40.9,-645.4,-3.911,5
1054,2025-09-03T04:50:00+00:00,529.93,2025-09-03T04:55:00+00:00,521.9,-240.9,40.25,-281.15,-1.768,1
1055,2025-09-04T05:10:00+00:00,520.18,2025-09-04T05:20:00+00:00,501.39,-563.7,38.55,-602.25,-3.859,2
1056,2025-09-05T04:50:00+00:00,509.55,2025-09-05T04:55:00+00:00,480.97,-857.4,36.84,-894.24,-5.85,1
1057,2025-09-08T04:55:00+00:00,493.18,2025-09-08T05:40:00+00:00,475.03,-544.5,36.32,-580.82,-3.926,9
1058,2025-09-09T04:55:00+00:00,480.64,2025-09-09T08:10:00+00:00,462.6,-541.2,35.75,-576.95,-4.001,39
1059,2025-09-10T04:50:00+00:00,629.36,2025-09-10T07:40:00+00:00,606.16,-696.0,47.49,-743.49,-3.938,34
1060,2025-09-11T04:50:00+00:00,602.96,2025-09-11T06:10:00+00:00,583.0,-598.8,45.34,-644.14,-3.561,16
1061,2025-09-12T04:50:00+00:00,426.16,2025-09-12T04:55:00+00:00,415.94,-306.6,31.42,-338.02,-2.644,1
1062,2025-09-15T05:05:00+00:00,554.21,2025-09-15T05:15:00+00:00,529.81,-732.0,40.99,-772.99,-4.649,2
1063,2025-09-16T04:55:00+00:00,405.46,2025-09-16T05:00:00+00:00,391.18,-428.4,30.37,-458.77,-3.772,1
1064,2025-09-17T04:50:00+00:00,342.14,2025-09-17T04:55:00+00:00,330.33,-354.3,25.5,-379.8,-3.7,1
1065,2025-09-18T05:40:00+00:00,471.13,2025-09-18T05:45:00+00:00,449.61,-645.6,34.23,-679.83,-4.81,1
1066,2025-09-19T04:55:00+00:00,473.54,2025-09-19T05:00:00+00:00,451.98,-646.8,35.34,-682.14,-4.802,1
1067,2025-09-22T05:00:00+00:00,400.76,2025-09-22T05:10:00+00:00,380.53,-606.9,29.01,-635.91,-5.289,2
1068,2025-09-23T04:50:00+00:00,308.75,2025-09-23T06:40:00+00:00,289.81,-568.2,22.8,-591.0,-6.381,22
1069,2025-09-24T05:00:00+00:00,270.93,2025-09-24T05:35:00+00:00,380.32,3281.7,26.02,3255.68,40.056,7
1070,2025-09-25T05:10:00+00:00,241.78,2025-09-25T05:50:00+00:00,220.34,-643.2,17.65,-660.85,-9.111,8
1071,2025-09-26T04:50:00+00:00,247.63,2025-09-26T05:25:00+00:00,237.03,-318.0,18.17,-336.17,-4.525,7
1072,2025-09-29T04:50:00+00:00,110.48,2025-09-29T04:55:00+00:00,96.83,-409.5,7.78,-417.28,-12.59,1
1073,2025-09-30T04:50:00+00:00,143.39,2025-09-30T04:55:00+00:00,125.94,-523.5,10.21,-533.71,-12.407,1
1074,2025-10-01T05:00:00+00:00,525.69,2025-10-01T05:05:00+00:00,506.79,-567.0,38.8,-605.8,-3.841,1
1075,2025-10-03T04:55:00+00:00,484.46,2025-10-03T05:00:00+00:00,466.93,-525.9,35.94,-561.84,-3.866,1
1076,2025-10-06T05:10:00+00:00,674.13,2025-10-06T05:15:00+00:00,652.49,-649.2,51.59,-700.79,-3.465,1
1077,2025-10-07T04:50:00+00:00,455.32,2025-10-07T05:00:00+00:00,438.72,-498.0,33.61,-531.61,-3.892,2
1078,2025-10-08T05:25:00+00:00,462.05,2025-10-08T05:45:00+00:00,570.04,3239.7,40.8,3198.9,23.078,4
1079,2025-10-09T04:50:00+00:00,607.94,2025-10-09T05:40:00+00:00,720.62,3380.4,53.63,3326.77,18.241,10
1080,2025-10-10T04:50:00+00:00,617.02,2025-10-10T05:10:00+00:00,595.7,-639.6,46.96,-686.56,-3.709,4
1081,2025-10-13T04:55:00+00:00,607.42,2025-10-13T08:55:00+00:00,719.41,3359.7,53.59,3306.11,18.143,48
1082,2025-10-14T05:00:00+00:00,547.53,2025-10-14T05:10:00+00:00,523.79,-712.2,40.7,-752.9,-4.584,2
1083,2025-10-15T04:50:00+00:00,516.08,2025-10-15T07:45:00+00:00,627.65,3347.1,45.37,3301.73,21.326,35
1084,2025-10-16T04:50:00+00:00,495.41,2025-10-16T07:40:00+00:00,618.59,3695.4,44.68,3650.72,24.564,34
1085,2025-10-17T05:05:00+00:00,530.23,2025-10-17T05:20:00+00:00,505.23,-750.0,38.87,-788.87,-4.959,3
1086,2025-10-20T04:50:00+00:00,428.54,2025-10-20T08:55:00+00:00,397.67,-926.1,31.05,-957.15,-7.445,49
1087,2025-10-23T05:00:00+00:00,299.97,2025-10-23T05:45:00+00:00,283.71,-487.8,22.46,-510.26,-5.67,9
1088,2025-10-24T04:50:00+00:00,268.27,2025-10-24T07:20:00+00:00,369.17,3027.0,25.7,3001.3,37.292,30
1089,2025-10-27T04:50:00+00:00,160.11,2025-10-27T06:10:00+00:00,139.93,-605.4,10.92,-616.32,-12.831,16
1090,2025-10-28T05:10:00+00:00,165.03,2025-10-28T05:15:00+00:00,145.28,-592.5,11.15,-603.65,-12.193,1
1091,2025-10-29T04:50:00+00:00,629.01,2025-10-29T04:55:00+00:00,612.93,-482.4,47.63,-530.03,-2.809,1
1092,2025-10-30T04:50:00+00:00,623.6,2025-10-30T04:55:00+00:00,605.56,-541.2,47.34,-588.54,-3.146,1
1093,2025-10-31T04:50:00+00:00,614.17,2025-10-31T05:05:00+00:00,712.82,2959.5,52.6,2906.9,15.777,3
1094,2025-11-03T04:50:00+00:00,857.3,2025-11-03T05:00:00+00:00,833.96,-700.2,64.99,-765.19,-2.975,2
1095,2025-11-04T04:50:00+00:00,608.04,2025-11-04T04:55:00+00:00,593.9,-424.2,46.71,-470.91,-2.582,1
1096,2025-11-06T05:15:00+00:00,746.29,2025-11-06T05:40:00+00:00,721.53,-742.8,56.84,-799.64,-3.572,5
1097,2025-11-07T04:55:00+00:00,742.02,2025-11-07T05:40:00+00:00,855.83,3414.3,63.84,3350.46,15.051,9
1098,2025-11-10T04:50:00+00:00,686.35,2025-11-10T05:05:00+00:00,663.36,-689.7,52.12,-741.82,-3.603,3
1099,2025-11-11T04:55:00+00:00,516.38,2025-11-11T05:25:00+00:00,494.23,-664.5,38.3,-702.8,-4.537,6
1100,2025-11-12T04:55:00+00:00,472.45,2025-11-12T05:05:00+00:00,454.07,-551.4,35.36,-586.76,-4.14,2
1101,2025-11-13T04:50:00+00:00,570.04,2025-11-13T04:55:00+00:00,554.04,-480.0,43.92,-523.92,-3.064,1
1102,2025-11-14T04:50:00+00:00,537.45,2025-11-14T05:00:00+00:00,518.89,-556.8,40.35,-597.15,-3.704,2
1103,2025-11-17T04:50:00+00:00,480.63,2025-11-17T04:55:00+00:00,463.61,-510.6,35.77,-546.37,-3.789,1
1104,2025-11-18T04:50:00+00:00,444.59,2025-11-18T05:00:00+00:00,429.55,-451.2,33.15,-484.35,-3.631,2
1105,2025-11-19T04:50:00+00:00,389.12,2025-11-19T04:55:00+00:00,368.8,-609.6,28.47,-638.07,-5.466,1
1106,2025-11-20T04:55:00+00:00,323.86,2025-11-20T05:00:00+00:00,307.06,-504.0,23.55,-527.55,-5.43,1
1107,2025-11-21T04:50:00+00:00,308.55,2025-11-21T05:50:00+00:00,289.92,-558.9,22.8,-581.7,-6.284,12
1108,2025-11-24T04:55:00+00:00,155.85,2025-11-24T07:00:00+00:00,136.03,-594.6,10.73,-605.33,-12.947,25
1109,2025-11-25T04:50:00+00:00,155.56,2025-11-25T04:55:00+00:00,138.03,-525.9,10.77,-536.67,-11.5,1
1110,2025-11-26T04:55:00+00:00,692.78,2025-11-26T05:05:00+00:00,683.75,-270.9,53.74,-324.64,-1.562,2
1111,2025-11-27T05:20:00+00:00,1053.65,2025-11-27T06:15:00+00:00,1028.06,-767.7,80.0,-847.7,-2.682,11
1112,2025-11-28T04:50:00+00:00,648.65,2025-11-28T05:00:00+00:00,627.34,-639.3,49.42,-688.72,-3.539,2
1113,2025-12-01T05:00:00+00:00,914.72,2025-12-01T05:15:00+00:00,890.98,-712.2,69.63,-781.83,-2.849,3
1114,2025-12-02T04:55:00+00:00,914.15,2025-12-02T06:30:00+00:00,918.61,133.8,71.26,62.54,0.228,19
1115,2025-12-03T04:50:00+00:00,581.94,2025-12-03T04:55:00+00:00,571.4,-316.2,44.59,-360.79,-2.067,1
1116,2025-12-04T04:50:00+00:00,853.49,2025-12-04T05:55:00+00:00,826.48,-810.3,64.73,-875.03,-3.417,13
1117,2025-12-05T04:50:00+00:00,823.21,2025-12-05T04:55:00+00:00,802.62,-617.7,62.49,-680.19,-2.754,1
1118,2025-12-08T04:50:00+00:00,711.36,2025-12-08T05:05:00+00:00,694.67,-500.7,54.42,-555.12,-2.601,3
1119,2025-12-09T04:50:00+00:00,782.18,2025-12-09T04:55:00+00:00,760.04,-664.2,59.56,-723.76,-3.084,1
1120,2025-12-10T05:20:00+00:00,501.3,2025-12-10T05:50:00+00:00,593.75,2773.5,43.25,2730.25,18.154,6
1121,2025-12-11T04:50:00+00:00,684.1,2025-12-11T06:30:00+00:00,805.27,3635.1,59.34,3575.76,17.423,20
1122,2025-12-12T04:50:00+00:00,622.35,2025-12-12T04:55:00+00:00,606.62,-471.9,47.34,-519.24,-2.781,1
1123,2025-12-15T04:50:00+00:00,598.25,2025-12-15T05:05:00+00:00,574.96,-698.7,45.05,-743.75,-4.144,3
1124,2025-12-16T05:10:00+00:00,570.79,2025-12-16T05:25:00+00:00,549.72,-632.1,42.83,-674.93,-3.941,3
1125,2025-12-17T04:50:00+00:00,503.34,2025-12-17T04:55:00+00:00,481.45,-656.7,36.71,-693.41,-4.592,1
1126,2025-12-18T04:50:00+00:00,471.52,2025-12-18T08:15:00+00:00,447.13,-731.7,34.18,-765.88,-5.414,41
1127,2025-12-19T05:00:00+00:00,439.8,2025-12-19T05:30:00+00:00,418.91,-626.7,32.8,-659.5,-4.998,6
1128,2025-12-22T04:55:00+00:00,308.61,2025-12-22T05:20:00+00:00,298.78,-294.9,23.0,-317.9,-3.434,5
1129,2025-12-23T04:50:00+00:00,269.94,2025-12-23T05:20:00+00:00,256.38,-406.8,20.13,-426.93,-5.272,6
1130,2025-12-24T04:50:00+00:00,332.47,2025-12-24T05:10:00+00:00,309.52,-688.5,23.8,-712.3,-7.141,4
1131,2025-12-26T05:15:00+00:00,225.11,2025-12-26T05:25:00+00:00,209.1,-480.3,16.01,-496.31,-7.349,2
1132,2025-12-29T04:55:00+00:00,113.4,2025-12-29T05:00:00+00:00,100.82,-377.4,7.94,-385.34,-11.327,1
1133,2025-12-30T04:55:00+00:00,136.52,2025-12-30T05:05:00+00:00,116.44,-602.4,8.83,-611.23,-14.924,2
1134,2025-12-31T04:50:00+00:00,729.78,2025-12-31T06:50:00+00:00,845.17,3461.7,62.31,3399.39,15.527,24
1135,2026-01-01T04:50:00+00:00,448.81,2026-01-01T04:55:00+00:00,430.62,-545.7,33.28,-578.98,-4.3,1
1136,2026-01-02T05:15:00+00:00,747.0,2026-01-02T05:40:00+00:00,720.12,-806.4,56.83,-863.23,-3.852,5
1137,2026-01-05T05:50:00+00:00,511.03,2026-01-05T08:05:00+00:00,598.31,2618.4,43.58,2574.82,16.795,27
1138,2026-01-06T04:55:00+00:00,469.33,2026-01-06T05:00:00+00:00,451.86,-524.1,35.24,-559.34,-3.973,1
1139,2026-01-07T04:50:00+00:00,701.01,2026-01-07T04:55:00+00:00,675.43,-767.4,52.74,-820.14,-3.9,1
1140,2026-01-08T04:50:00+00:00,642.38,2026-01-08T04:55:00+00:00,617.71,-740.1,49.05,-789.15,-4.095,1
1141,2026-01-09T04:50:00+00:00,456.54,2026-01-09T04:55:00+00:00,438.86,-530.4,33.64,-564.04,-4.118,1
1142,2026-01-12T04:50:00+00:00,655.52,2026-01-12T05:00:00+00:00,632.95,-677.1,49.71,-726.81,-3.696,2
1143,2026-01-13T04:50:00+00:00,445.37,2026-01-13T04:55:00+00:00,423.9,-644.1,33.04,-677.14,-5.068,1
1144,2026-01-14T04:50:00+00:00,429.31,2026-01-14T04:55:00+00:00,411.6,-531.3,31.39,-562.69,-4.369,1
1145,2026-01-16T04:50:00+00:00,515.44,2026-01-16T05:30:00+00:00,493.12,-669.6,38.25,-707.85,-4.578,8
1146,2026-01-19T04:55:00+00:00,496.22,2026-01-19T05:05:00+00:00,473.34,-686.4,36.35,-722.75,-4.855,2
1147,2026-01-20T06:20:00+00:00,423.73,2026-01-20T06:35:00+00:00,408.15,-467.4,31.18,-498.58,-3.922,3
1148,2026-01-21T04:50:00+00:00,392.64,2026-01-21T05:15:00+00:00,518.11,3764.1,37.0,3727.1,31.641,5
1149,2026-01-22T04:50:00+00:00,333.81,2026-01-22T05:00:00+00:00,438.3,3134.7,30.8,3103.9,30.995,2
1150,2026-01-23T04:55:00+00:00,327.58,2026-01-23T05:00:00+00:00,305.57,-660.3,23.6,-683.9,-6.959,1
1151,2026-01-27T04:50:00+00:00,169.69,2026-01-27T04:55:00+00:00,152.04,-529.5,12.42,-541.92,-10.645,1
1152,2026-01-28T04:55:00+00:00,1059.29,2026-01-28T05:00:00+00:00,1035.9,-701.7,80.31,-782.01,-2.461,1
1153,2026-01-29T04:50:00+00:00,1011.53,2026-01-29T04:55:00+00:00,993.99,-526.2,77.24,-603.44,-1.989,1
1154,2026-01-30T05:45:00+00:00,760.6,2026-01-30T05:55:00+00:00,742.03,-557.1,57.64,-614.74,-2.694,2
1155,2026-02-01T04:55:00+00:00,968.28,2026-02-01T05:00:00+00:00,946.89,-641.7,73.16,-714.86,-2.461,1
1156,2026-02-02T05:25:00+00:00,758.94,2026-02-02T05:35:00+00:00,860.9,3058.8,64.35,2994.45,13.152,2
1157,2026-02-03T04:50:00+00:00,952.69,2026-02-03T05:05:00+00:00,1063.33,3319.2,79.48,3239.72,11.335,3
1158,2026-02-04T04:50:00+00:00,595.6,2026-02-04T05:35:00+00:00,565.39,-906.3,44.77,-951.07,-5.323,9
1159,2026-02-05T04:55:00+00:00,796.94,2026-02-05T05:00:00+00:00,775.68,-637.8,60.26,-698.06,-2.92,1
1160,2026-02-06T04:50:00+00:00,718.26,2026-02-06T04:55:00+00:00,698.91,-580.5,54.67,-635.17,-2.948,1
1161,2026-02-09T04:55:00+00:00,507.69,2026-02-09T05:05:00+00:00,488.11,-587.4,37.96,-625.36,-4.106,2
1162,2026-02-10T04:55:00+00:00,655.14,2026-02-10T07:50:00+00:00,624.76,-911.4,49.51,-960.91,-4.889,35
1163,2026-02-11T04:50:00+00:00,570.08,2026-02-11T06:05:00+00:00,677.58,3225.0,49.77,3175.23,18.566,15
1164,2026-02-12T06:00:00+00:00,459.22,2026-02-12T07:30:00+00:00,440.11,-573.3,33.73,-607.03,-4.406,18
1165,2026-02-13T04:50:00+00:00,455.57,2026-02-13T05:00:00+00:00,433.72,-655.5,33.5,-689.0,-5.041,2
1166,2026-02-16T05:35:00+00:00,504.3,2026-02-16T05:40:00+00:00,484.06,-607.2,37.79,-644.99,-4.263,1
1167,2026-02-17T04:50:00+00:00,486.9,2026-02-17T05:00:00+00:00,603.94,3511.2,43.15,3468.05,23.742,2
1168,2026-02-18T05:10:00+00:00,351.79,2026-02-18T05:20:00+00:00,332.9,-566.7,25.79,-592.49,-5.614,2
1169,2026-02-19T05:00:00+00:00,347.23,2026-02-19T06:30:00+00:00,467.21,3599.4,32.78,3566.62,34.239,18
1170,2026-02-20T04:50:00+00:00,396.59,2026-02-20T06:50:00+00:00,513.51,3507.6,35.98,3471.62,29.179,24
1171,2026-02-23T04:50:00+00:00,163.87,2026-02-23T04:55:00+00:00,146.17,-531.0,11.15,-542.15,-11.028,1
1172,2026-02-24T05:00:00+00:00,174.0,2026-02-24T05:15:00+00:00,157.62,-491.4,12.65,-504.05,-9.656,3
1173,2026-02-25T04:50:00+00:00,1115.28,2026-02-25T04:55:00+00:00,1101.27,-420.3,85.1,-505.4,-1.511,1
1174,2026-02-26T04:50:00+00:00,766.74,2026-02-26T06:45:00+00:00,869.36,3078.6,64.72,3013.88,13.103,23
1175,2026-02-27T04:50:00+00:00,805.09,2026-02-27T04:55:00+00:00,785.34,-592.5,61.67,-654.17,-2.708,1
1176,2026-03-02T04:50:00+00:00,890.42,2026-03-02T05:30:00+00:00,864.47,-778.5,67.46,-845.96,-3.167,8
1177,2026-03-04T05:10:00+00:00,1169.05,2026-03-04T05:15:00+00:00,1147.77,-638.4,88.42,-726.82,-2.072,1
1178,2026-03-05T04:50:00+00:00,1069.29,2026-03-05T05:10:00+00:00,1037.87,-942.6,80.58,-1023.18,-3.19,4
1179,2026-03-06T04:55:00+00:00,967.49,2026-03-06T06:55:00+00:00,1083.28,3473.7,80.28,3393.42,11.691,24
1180,2026-03-09T04:50:00+00:00,1178.16,2026-03-09T05:20:00+00:00,1136.56,-1248.0,88.37,-1336.37,-3.781,6
1181,2026-03-10T04:50:00+00:00,1211.87,2026-03-10T04:55:00+00:00,1192.25,-588.6,92.43,-681.03,-1.873,1
1182,2026-03-11T04:50:00+00:00,1085.37,2026-03-11T04:55:00+00:00,1067.69,-530.4,82.64,-613.04,-1.883,1
1183,2026-03-12T05:00:00+00:00,1158.11,2026-03-12T05:20:00+00:00,1127.16,-928.5,87.69,-1016.19,-2.925,4
1184,2026-03-13T04:50:00+00:00,952.19,2026-03-13T04:55:00+00:00,927.99,-726.0,72.35,-798.35,-2.795,1
1185,2026-03-16T04:50:00+00:00,847.72,2026-03-16T04:55:00+00:00,944.2,2894.4,70.31,2824.09,11.105,1
1186,2026-03-17T04:50:00+00:00,865.24,2026-03-17T04:55:00+00:00,850.21,-450.9,66.55,-517.45,-1.993,1
1187,2026-03-18T04:50:00+00:00,806.39,2026-03-18T05:50:00+00:00,916.34,3298.5,67.72,3230.78,13.355,12
1188,2026-03-19T04:50:00+00:00,755.64,2026-03-19T04:55:00+00:00,733.78,-655.8,57.34,-713.14,-3.146,1
1189,2026-03-20T04:50:00+00:00,760.64,2026-03-20T04:55:00+00:00,740.57,-602.1,57.61,-659.71,-2.891,1
1190,2026-03-23T04:50:00+00:00,710.8,2026-03-23T05:30:00+00:00,811.57,3023.1,60.1,2963.0,13.895,8
1191,2026-03-24T04:50:00+00:00,681.22,2026-03-24T05:00:00+00:00,666.63,-437.7,52.08,-489.78,-2.397,2
1192,2026-03-25T04:55:00+00:00,571.3,2026-03-25T05:00:00+00:00,549.44,-655.8,42.84,-698.64,-4.076,1
1193,2026-03-27T05:10:00+00:00,495.78,2026-03-27T05:15:00+00:00,476.1,-590.4,36.41,-626.81,-4.214,1
1194,2026-03-30T04:50:00+00:00,307.4,2026-03-30T04:55:00+00:00,287.87,-585.9,22.72,-608.62,-6.6,1
1195,2026-04-01T04:50:00+00:00,1268.55,2026-04-01T04:55:00+00:00,1369.68,3033.9,123.83,2910.07,7.647,1
1196,2026-04-02T05:20:00+00:00,1266.89,2026-04-02T05:25:00+00:00,1244.88,-660.3,114.91,-775.21,-2.04,1
1197,2026-04-06T05:10:00+00:00,1421.69,2026-04-06T05:20:00+00:00,1398.29,-702.0,129.02,-831.02,-1.948,2
1198,2026-04-07T04:50:00+00:00,1344.23,2026-04-07T04:55:00+00:00,1323.59,-619.2,122.51,-741.71,-1.839,1
1199,2026-04-08T04:50:00+00:00,1096.19,2026-04-08T04:55:00+00:00,1072.46,-711.9,99.0,-810.9,-2.466,1
1200,2026-04-09T04:50:00+00:00,1106.87,2026-04-09T04:55:00+00:00,1092.67,-426.0,100.71,-526.71,-1.586,1
1201,2026-04-10T04:50:00+00:00,1041.31,2026-04-10T04:55:00+00:00,1017.8,-705.3,94.47,-799.77,-2.56,1
1202,2026-04-13T04:55:00+00:00,1021.32,2026-04-13T06:15:00+00:00,1125.12,3114.0,101.49,3012.51,9.832,16
1203,2026-04-15T04:55:00+00:00,845.68,2026-04-15T05:00:00+00:00,825.56,-603.6,76.53,-680.13,-2.681,1
1204,2026-04-16T05:00:00+00:00,659.14,2026-04-16T05:05:00+00:00,642.18,-508.8,60.0,-568.8,-2.876,1
1205,2026-04-17T04:50:00+00:00,773.54,2026-04-17T05:00:00+00:00,752.85,-620.7,70.19,-690.89,-2.977,2
1206,2026-04-20T04:55:00+00:00,634.14,2026-04-20T05:55:00+00:00,744.04,3297.0,65.78,3231.22,16.985,12
1207,2026-04-21T04:50:00+00:00,551.75,2026-04-21T05:00:00+00:00,526.2,-766.5,48.85,-815.35,-4.926,2
1208,2026-04-22T04:50:00+00:00,555.33,2026-04-22T04:55:00+00:00,534.14,-635.7,49.12,-684.82,-4.111,1
1209,2026-04-23T04:50:00+00:00,515.57,2026-04-23T04:55:00+00:00,496.39,-575.4,45.33,-620.73,-4.013,1
1210,2026-04-24T04:50:00+00:00,442.35,2026-04-24T05:25:00+00:00,422.58,-593.1,38.94,-632.04,-4.763,7
1211,2026-04-27T04:55:00+00:00,229.27,2026-04-27T05:10:00+00:00,346.71,3523.2,29.28,3493.92,50.798,3
1212,2026-04-28T05:05:00+00:00,185.97,2026-04-28T05:50:00+00:00,295.31,3280.2,24.1,3256.1,58.362,9
1213,2026-04-29T04:50:00+00:00,1186.92,2026-04-29T05:05:00+00:00,1164.79,-663.9,107.22,-771.12,-2.166,3
1214,2026-04-30T04:50:00+00:00,1230.07,2026-04-30T04:55:00+00:00,1209.94,-603.9,111.26,-715.16,-1.938,1
1215,2026-05-04T04:50:00+00:00,893.59,2026-05-04T04:55:00+00:00,862.99,-918.0,80.5,-998.5,-3.725,1
1216,2026-05-05T05:00:00+00:00,856.59,2026-05-05T05:15:00+00:00,836.07,-615.6,78.03,-693.63,-2.699,3
1217,2026-05-06T04:55:00+00:00,993.84,2026-05-06T05:00:00+00:00,971.25,-677.7,90.31,-768.01,-2.576,1
1218,2026-05-07T04:50:00+00:00,939.63,2026-05-07T05:35:00+00:00,925.3,-429.9,86.0,-515.9,-1.83,9
1219,2026-05-08T04:55:00+00:00,918.96,2026-05-08T05:00:00+00:00,896.64,-669.6,82.86,-752.46,-2.729,1
1220,2026-05-11T04:50:00+00:00,754.22,2026-05-11T04:55:00+00:00,736.11,-543.3,68.36,-611.66,-2.703,1
1221,2026-05-12T04:50:00+00:00,840.23,2026-05-12T04:55:00+00:00,821.89,-550.2,76.32,-626.52,-2.486,1
1222,2026-05-13T04:50:00+00:00,860.01,2026-05-13T05:25:00+00:00,845.24,-443.1,78.32,-521.42,-2.021,7
1223,2026-05-14T04:50:00+00:00,771.53,2026-05-14T04:55:00+00:00,746.49,-751.2,70.0,-821.2,-3.548,1
1224,2026-05-15T04:50:00+00:00,742.31,2026-05-15T05:30:00+00:00,719.78,-675.9,66.71,-742.61,-3.335,8
1225,2026-05-18T04:50:00+00:00,632.2,2026-05-18T04:55:00+00:00,614.27,-537.9,57.74,-595.64,-3.141,1
1226,2026-05-19T05:15:00+00:00,604.66,2026-05-19T05:20:00+00:00,586.13,-555.9,54.45,-610.35,-3.365,1
1227,2026-05-20T04:55:00+00:00,487.01,2026-05-20T05:00:00+00:00,465.17,-655.2,42.95,-698.15,-4.778,1
1228,2026-05-21T04:50:00+00:00,477.93,2026-05-21T05:05:00+00:00,464.01,-417.6,42.72,-460.32,-3.211,3
1229,2026-05-22T04:55:00+00:00,394.04,2026-05-22T05:00:00+00:00,375.52,-555.6,34.74,-590.34,-4.994,1
1230,2026-05-25T04:50:00+00:00,198.15,2026-05-25T04:55:00+00:00,181.18,-509.1,16.75,-525.85,-8.846,1
1231,2026-05-26T04:55:00+00:00,211.42,2026-05-26T05:00:00+00:00,188.95,-674.1,18.23,-692.33,-10.916,1
1232,2026-05-27T04:50:00+00:00,1196.11,2026-05-27T05:00:00+00:00,1152.09,-1320.6,107.14,-1427.74,-3.979,2
1233,2026-05-29T04:55:00+00:00,1122.26,2026-05-29T05:00:00+00:00,1099.04,-696.6,101.21,-797.81,-2.37,1
1234,2026-06-01T04:55:00+00:00,855.5,2026-06-01T05:15:00+00:00,831.56,-718.2,76.9,-795.1,-3.098,4
1235,2026-06-02T04:55:00+00:00,1091.82,2026-06-02T05:00:00+00:00,1076.65,-455.1,99.0,-554.1,-1.692,1
1236,2026-06-03T05:05:00+00:00,815.74,2026-06-03T05:10:00+00:00,797.94,-534.0,74.21,-608.21,-2.485,1
1237,2026-06-04T04:50:00+00:00,1058.31,2026-06-04T04:55:00+00:00,1039.87,-553.2,96.38,-649.58,-2.046,1
1238,2026-06-05T05:10:00+00:00,777.76,2026-06-05T05:20:00+00:00,757.89,-596.1,70.41,-666.51,-2.857,2
1239,2026-06-08T05:00:00+00:00,809.3,2026-06-08T05:05:00+00:00,792.09,-516.3,73.92,-590.22,-2.431,1
1240,2026-06-09T04:50:00+00:00,957.53,2026-06-09T05:00:00+00:00,936.26,-638.1,86.66,-724.76,-2.523,2
1241,2026-06-10T05:05:00+00:00,922.36,2026-06-10T06:50:00+00:00,1032.79,3312.9,92.08,3220.82,11.64,21
1242,2026-06-11T04:50:00+00:00,882.03,2026-06-11T04:55:00+00:00,861.76,-608.1,80.2,-688.3,-2.601,1
1243,2026-06-12T04:50:00+00:00,632.25,2026-06-12T04:55:00+00:00,618.01,-427.2,57.83,-485.03,-2.557,1
1244,2026-06-15T05:00:00+00:00,756.3,2026-06-15T06:15:00+00:00,735.22,-632.4,68.39,-700.79,-3.089,15
1245,2026-06-16T04:50:00+00:00,672.36,2026-06-16T05:30:00+00:00,647.93,-732.9,60.44,-793.34,-3.933,8
1246,2026-06-17T04:50:00+00:00,628.02,2026-06-17T09:50:00+00:00,679.12,1533.0,62.14,1470.86,7.807,60
1247,2026-06-18T05:00:00+00:00,480.64,2026-06-18T06:15:00+00:00,473.18,-223.8,42.99,-266.79,-1.85,15
1248,2026-06-19T04:50:00+00:00,607.18,2026-06-19T04:55:00+00:00,586.17,-630.3,54.51,-684.81,-3.76,1
1249,2026-06-22T05:00:00+00:00,467.35,2026-06-22T07:40:00+00:00,446.09,-637.8,41.06,-678.86,-4.842,32
1250,2026-06-23T04:50:00+00:00,450.65,2026-06-23T04:55:00+00:00,429.26,-641.7,39.29,-680.99,-5.037,1
1251,2026-06-24T04:55:00+00:00,436.96,2026-06-24T05:05:00+00:00,416.42,-616.2,38.68,-654.88,-4.996,2
1252,2026-06-25T06:20:00+00:00,372.49,2026-06-25T06:40:00+00:00,488.35,3475.8,41.85,3433.95,30.73,4
1253,2026-06-29T04:55:00+00:00,191.63,2026-06-29T05:20:00+00:00,171.43,-606.0,16.37,-622.37,-10.826,5
1254,2026-06-30T05:30:00+00:00,182.37,2026-06-30T05:35:00+00:00,161.76,-618.3,14.93,-633.23,-11.574,1
1255,2026-07-01T04:50:00+00:00,991.07,2026-07-01T04:55:00+00:00,966.84,-726.9,90.14,-817.04,-2.748,1
1256,2026-07-02T05:35:00+00:00,645.23,2026-07-02T06:50:00+00:00,618.86,-791.1,58.14,-849.24,-4.387,15
1257,2026-07-03T05:25:00+00:00,608.95,2026-07-03T06:20:00+00:00,587.1,-655.5,54.58,-710.08,-3.887,11
1258,2026-07-06T05:10:00+00:00,575.16,2026-07-06T05:15:00+00:00,556.2,-568.8,52.08,-620.88,-3.598,1
1259,2026-07-07T04:50:00+00:00,729.38,2026-07-07T04:55:00+00:00,715.18,-426.0,66.31,-492.31,-2.25,1
1260,2026-07-08T04:55:00+00:00,564.71,2026-07-08T05:00:00+00:00,543.15,-646.8,50.54,-697.34,-4.116,1
1261,2026-07-09T04:50:00+00:00,574.93,2026-07-09T05:10:00+00:00,554.86,-602.1,52.05,-654.15,-3.793,4
1262,2026-07-10T04:50:00+00:00,732.26,2026-07-10T05:00:00+00:00,713.26,-570.0,66.33,-636.33,-2.897,2
1263,2026-07-13T04:55:00+00:00,657.75,2026-07-13T05:20:00+00:00,634.82,-687.9,59.8,-747.7,-3.789,5
1264,2026-07-14T04:50:00+00:00,533.87,2026-07-14T04:55:00+00:00,515.18,-560.7,47.19,-607.89,-3.795,1
1265,2026-07-15T05:10:00+00:00,509.7,2026-07-15T05:15:00+00:00,490.85,-565.5,45.07,-610.57,-3.993,1
1266,2026-07-16T05:00:00+00:00,450.99,2026-07-16T05:15:00+00:00,429.15,-655.2,39.29,-694.49,-5.133,3
1267,2026-07-17T04:50:00+00:00,551.35,2026-07-17T05:10:00+00:00,531.12,-606.9,48.96,-655.86,-3.965,4
1268,2026-07-20T04:50:00+00:00,469.77,2026-07-20T04:55:00+00:00,445.89,-716.4,41.11,-757.51,-5.375,1
1269,2026-07-21T04:50:00+00:00,369.33,2026-07-21T05:00:00+00:00,349.6,-591.9,32.58,-624.48,-5.636,2
1270,2026-07-22T04:55:00+00:00,335.78,2026-07-22T05:50:00+00:00,313.06,-681.6,28.96,-710.56,-7.054,11
1271,2026-07-23T05:25:00+00:00,284.27,2026-07-23T05:30:00+00:00,265.08,-575.7,24.67,-600.37,-7.04,1
1272,2026-07-24T04:55:00+00:00,329.86,2026-07-24T05:00:00+00:00,310.75,-573.3,28.77,-602.07,-6.084,1
1273,2026-07-27T04:55:00+00:00,133.95,2026-07-27T05:25:00+00:00,117.44,-495.3,10.8,-506.1,-12.594,6
